gene_id	switch_sig	q_rank_cpm	de_rank_tpm	de_rank_cpm	de_deseq2	de_edger
ENSG00000232774.7	True	0.003048038361495145	True	True	True	True
ENSG00000231607.10	False	1.575439615204382e-05	True	True	True	True
ENSG00000149656.8	False	0.00575337709515978	True	True	True	True
ENSG00000161149.12	False	0.00405771973021657	True	True	True	True
ENSG00000232527.7	True	1.6629496285580224e-05	True	True	True	True
ENSG00000163364.9	False	0.0015872873334218628	True	True	True	True
ENSG00000215241.3	False	0.008960009277551768	True	True	True	True
ENSG00000170161.6	False	0.7793261328501331	False	False	True	True
ENSG00000170846.16	True	0.22300025291823303	True	False	True	True
ENSG00000172965.14	True	5.429286843402436e-07	True	True	True	True
ENSG00000174171.5	False	0.003672250767301526	True	True	True	True
ENSG00000272752.6	False	1.0758241352934121e-06	True	True	True	True
ENSG00000179136.6	False	0.18109394534786152	True	False	True	True
ENSG00000179523.4	False	1.355248991468809e-05	True	True	True	True
ENSG00000176593.7	False	8.994481651531388e-05	True	True	True	True
ENSG00000177738.3	True	1.276578523530043e-06	True	True	True	True
ENSG00000177337.7	True	1.5728880591998968e-06	True	True	True	True
ENSG00000176840.11	False	0.06498975524593573	True	False	True	True
ENSG00000180769.8	True	7.833627836481539e-06	True	True	True	True
ENSG00000177406.4	False	0.0037924745266262223	True	True	True	True
ENSG00000177133.10	False	0.004937419639922156	True	True	True	True
ENSG00000175611.11	True	1.6637497946182958e-05	True	True	True	True
ENSG00000214184.3	False	0.38008976976497705	False	False	True	True
ENSG00000242791.2	False	0.3829071569893041	False	False	True	True
ENSG00000176912.3	False	0.00023648743533711083	True	True	True	True
ENSG00000176728.7	True	0.0042284844340556085	True	True	False	True
ENSG00000178803.10	False	0.001415623844134899	True	True	True	True
ENSG00000177410.12	True	5.429286843402436e-07	True	True	True	True
ENSG00000185837.3	True	0.0009757868685133285	True	True	True	True
ENSG00000183250.11	False	0.01585707615061358	False	True	True	True
ENSG00000170919.15	True	3.684227175622864e-05	True	True	True	True
ENSG00000185847.7	False	0.8866108738061682	False	False	True	True
ENSG00000182109.7	True	1.1827564996307928e-05	True	True	True	True
ENSG00000222041.10	True	5.429286843402436e-07	True	True	True	True
ENSG00000185168.5	False	0.7528349252453426	False	False	True	True
ENSG00000183308.6	False	0.16098272259213048	False	False	True	True
ENSG00000189223.14	True	0.0020368616810856445	True	True	True	True
ENSG00000182648.11	True	0.0019012673619581196	True	True	True	True
ENSG00000182873.5	False	0.0012316014693426925	True	True	True	True
ENSG00000186594.14	True	3.613421590269343e-06	True	True	True	True
ENSG00000186615.10	True	0.00023470871937884816	True	True	True	True
ENSG00000228463.9	False	0.008197096896403128	True	True	True	True
ENSG00000249087.6	True	1.849153954710595e-05	True	True	True	True
ENSG00000204588.5	False	0.6396546920834906	False	False	True	True
ENSG00000270580.5	False	0.006769409690831537	True	True	True	True
ENSG00000188185.11	False	0.007492742224621431	True	True	True	True
ENSG00000188825.13	False	9.63551583408812e-05	True	True	True	True
ENSG00000188242.4	False	0.00022428006906831922	True	True	True	True
ENSG00000188511.12	False	0.0012574827293721097	True	True	True	True
ENSG00000232110.7	False	0.4417935561718734	True	False	True	True
ENSG00000196167.9	True	7.231901980908948e-05	True	True	True	True
ENSG00000196295.11	True	0.00022037355924779635	True	True	True	True
ENSG00000198468.7	True	0.059871266536787766	False	False	True	True
ENSG00000197934.8	False	0.23988066884589335	False	False	True	True
ENSG00000236882.7	True	0.001415623844134899	True	True	True	True
ENSG00000174365.19	True	0.0039294365665843685	True	True	True	True
ENSG00000198221.8	False	0.3829071569893041	False	False	True	True
ENSG00000182165.17	True	2.5347111026165763e-06	True	True	True	True
ENSG00000251301.6	True	0.000773082833971054	True	True	True	True
ENSG00000197182.14	True	0.00038461285256773987	True	True	True	True
ENSG00000242687.2	False	0.005232937648929357	True	True	True	True
ENSG00000256925.2	True	0.056002497090713255	False	False	True	True
ENSG00000234222.6	False	0.37083762610072263	False	False	False	False
ENSG00000203279.3	False	0.13674155924955225	True	False	True	True
ENSG00000228010.5	True	0.2603344812439304	True	False	True	True
ENSG00000231312.6	True	2.859921051953788e-05	True	True	True	True
ENSG00000249684.5	False	0.0010087698626454517	True	True	True	True
ENSG00000179818.13	True	4.742860972888727e-05	True	True	True	True
ENSG00000240401.8	True	0.055414769376978396	False	False	True	True
ENSG00000203506.5	False	0.4717552527979217	False	False	True	True
ENSG00000234912.11	True	8.252638592435025e-06	True	True	True	True
ENSG00000235257.8	False	4.133841672678668e-05	True	True	True	True
ENSG00000223482.7	True	1.6384549274992577e-06	True	True	True	True
ENSG00000146521.9	False	0.0019459275509913373	True	True	True	True
ENSG00000225511.6	False	0.0019236901325379227	True	True	True	True
ENSG00000233452.6	True	0.02102995225553106	True	True	True	True
ENSG00000213057.5	True	0.00968023356906218	True	True	True	True
ENSG00000203739.3	False	0.001835849393204685	True	True	True	True
ENSG00000203808.10	False	0.006708536337614032	True	True	True	True
ENSG00000203865.9	False	4.200159869310865e-05	True	True	True	True
ENSG00000203875.10	True	1.1974527380694845e-06	True	True	True	True
ENSG00000203876.9	True	0.003207507156281055	True	True	True	True
ENSG00000174407.13	False	0.0006068338250002016	True	True	True	True
ENSG00000203930.10	True	9.445087318734415e-05	True	True	True	True
ENSG00000203987.2	False	0.00405771973021657	True	True	True	True
ENSG00000203993.4	False	0.0006337390766525786	True	True	True	True
ENSG00000203999.8	False	0.08638772688550804	False	False	True	True
ENSG00000226711.6	False	0.0003306535987053795	True	True	True	True
ENSG00000204055.4	False	0.012440547960889562	True	True	True	True
ENSG00000125804.13	False	0.031309593539223086	True	True	True	True
ENSG00000204706.14	False	0.3906915309692998	False	False	True	True
ENSG00000204792.2	True	0.6077701176757027	False	False	False	True
ENSG00000204802.3	False	0.3829071569893041	False	False	False	False
ENSG00000204860.4	False	1.7701345096244608e-06	True	True	True	True
ENSG00000204929.12	True	0.17949528190747419	False	False	True	True
ENSG00000168405.15	True	4.445692646966482e-06	True	True	True	True
ENSG00000205037.2	True	0.10418790839752555	True	False	True	True
ENSG00000205181.5	False	0.0004672948122504856	True	True	True	True
ENSG00000120664.10	False	1.0	False	False	True	True
ENSG00000234449.2	False	0.18601051807086766	True	False	True	True
ENSG00000237945.7	False	0.0013468882202854714	True	True	True	True
ENSG00000205696.4	False	0.027051660472295656	True	True	True	True
ENSG00000205740.2	False	0.41600320206467317	False	False	False	False
ENSG00000248932.5	False	4.666575374456945e-05	True	True	True	True
ENSG00000205885.7	False	1.1861435455563252e-05	True	True	True	True
ENSG00000237975.6	False	0.15238064396144074	False	False	True	True
ENSG00000205913.6	False	0.01597070647190489	True	True	True	True
ENSG00000205930.8	False	0.045024683527605705	False	True	False	False
ENSG00000206187.3	False	0.3080731032480879	False	False	True	True
ENSG00000206195.10	False	0.7492042397968773	False	False	True	True
ENSG00000206417.8	True	0.0054689480860946466	True	True	True	True
ENSG00000206567.9	False	0.1652650845377514	False	False	True	True
ENSG00000203288.3	False	0.001093561636345847	True	True	True	True
ENSG00000224043.7	True	0.1139975952925028	True	False	True	True
ENSG00000233175.2	True	0.002448095904283471	True	True	True	True
ENSG00000247498.9	False	0.33579578829906426	True	False	True	True
ENSG00000227540.1	True	0.001902791083300239	True	True	True	True
ENSG00000177335.10	True	0.024442000110951198	True	True	True	True
ENSG00000224281.4	True	0.7365408070078904	False	False	True	True
ENSG00000220575.7	False	0.03095280832738525	True	True	True	True
ENSG00000236432.7	False	0.590415400345661	False	False	True	True
ENSG00000213963.6	False	0.004574320636183918	True	True	True	True
ENSG00000232807.2	False	1.549717017041688e-05	True	True	True	True
ENSG00000214049.6	False	0.02250247121630884	False	True	True	True
ENSG00000214106.7	True	2.8364091290712496e-05	True	True	True	True
ENSG00000214293.8	True	9.977614508740442e-06	True	True	True	True
ENSG00000214353.7	False	1.0	False	False	True	True
ENSG00000214401.4	True	0.1134921116807559	False	False	True	True
ENSG00000214548.14	True	1.1974527380694845e-06	True	True	True	True
ENSG00000236200.5	False	0.051425117474217796	True	False	True	True
ENSG00000214719.11	False	0.04721992026495123	True	True	True	True
ENSG00000214900.9	True	5.001382179657631e-05	True	True	True	True
ENSG00000214922.9	True	6.92506866698846e-06	True	True	True	True
ENSG00000186960.10	True	0.007340598834322478	True	True	True	True
ENSG00000215022.7	False	0.09069673235965506	False	False	True	True
ENSG00000215039.6	True	9.117983974815553e-06	True	True	True	True
ENSG00000215067.9	True	0.0008545526906050896	True	True	True	True
ENSG00000215068.7	True	0.0009147164255949367	True	True	True	True
ENSG00000215256.3	True	7.927325633852992e-06	True	True	True	True
ENSG00000215386.11	True	1.0443740678351003e-06	True	True	True	True
ENSG00000215447.7	False	2.6939339548354515e-05	True	True	True	True
ENSG00000215483.9	True	0.3480216684959114	True	False	True	True
ENSG00000242349.5	False	0.00036485581578962593	True	True	True	True
ENSG00000215859.8	False	0.003957411284541181	True	True	True	True
ENSG00000215866.7	False	0.2355439316324217	True	False	True	True
ENSG00000216895.9	True	1.0443740678351003e-06	True	True	True	True
ENSG00000218416.4	False	0.08514903709409641	False	False	True	True
ENSG00000219665.8	True	5.558042688316452e-06	True	True	True	True
ENSG00000221819.5	False	0.03185063155653035	True	True	True	True
ENSG00000186235.10	False	0.049293486236344754	True	True	True	True
ENSG00000222020.2	True	0.035392616544365894	True	True	True	True
ENSG00000231742.5	False	0.01708981944980131	False	True	True	True
ENSG00000224429.7	False	0.06286684998502333	True	False	True	True
ENSG00000234494.7	False	0.0007982490742703427	True	True	True	True
ENSG00000232442.1	True	3.504623993953939e-06	True	True	True	True
ENSG00000230387.2	False	0.9070745831078814	False	False	True	True
ENSG00000226950.6	True	3.11351137581009e-06	True	True	True	True
ENSG00000223745.7	True	1.1131946459129242e-06	True	True	True	True
ENSG00000225331.1	False	0.00026472654090278075	True	True	True	True
ENSG00000229956.10	True	0.20054451095016768	False	False	True	True
ENSG00000231170.5	True	0.0006596757148306469	True	True	True	True
ENSG00000226644.5	False	0.142570841646795	False	False	True	True
ENSG00000130600.17	True	0.0013468882202854714	True	True	True	True
ENSG00000234741.7	True	1.6110725389654905e-06	True	True	True	True
ENSG00000229891.1	False	0.09278057256044857	True	False	True	True
ENSG00000228274.3	False	7.318967368801234e-05	True	True	True	True
ENSG00000229847.8	False	0.0009607653374390344	True	True	True	True
ENSG00000179406.7	False	0.0005021608822209842	True	True	True	True
ENSG00000204261.8	False	1.1131946459129242e-06	True	True	True	True
ENSG00000237491.8	False	0.00020436303488822335	True	True	True	True
ENSG00000225194.2	False	0.0071546013161915105	True	True	True	True
ENSG00000204054.13	True	5.429286843402436e-07	True	True	True	True
ENSG00000224424.7	False	0.1221434192350629	True	False	True	True
ENSG00000231609.5	False	3.164855759176246e-06	True	True	True	True
ENSG00000230091.6	False	0.5489068905502952	False	False	True	True
ENSG00000226308.1	False	0.036221534445405434	False	True	True	True
ENSG00000223949.6	False	0.005926453833758826	True	True	True	True
ENSG00000237950.1	False	0.050097586046034995	False	False	True	True
ENSG00000232931.5	False	7.1549329832110635e-06	True	True	True	True
ENSG00000174403.15	False	0.00023628190334131077	True	True	True	True
ENSG00000179935.9	False	0.20728163673519096	True	False	True	True
ENSG00000233895.1	False	0.5755431148882839	False	False	True	True
ENSG00000234546.3	False	0.0037924745266262223	True	True	True	True
ENSG00000234899.9	True	0.00011880246775196932	True	True	True	True
ENSG00000223969.5	True	0.0020368616810856445	True	True	True	True
ENSG00000231074.8	True	3.4930603633494534e-05	True	True	True	True
ENSG00000235092.5	True	0.00011155009724354133	True	True	True	True
ENSG00000232677.6	True	1.3447667966143548e-05	True	True	True	True
ENSG00000234072.1	False	1.3337554281866127e-06	True	True	True	True
ENSG00000225342.2	False	0.001415623844134899	True	True	True	True
ENSG00000225518.2	False	0.14382219160463694	True	False	True	True
ENSG00000228878.7	False	0.008960009277551768	True	True	True	True
ENSG00000241769.7	False	0.006439739286650221	True	True	True	True
ENSG00000237232.7	False	0.1229331925099174	False	False	True	True
ENSG00000230185.4	False	0.9302885374562155	False	False	True	True
ENSG00000237737.5	False	0.008656504555405682	True	True	True	True
ENSG00000225889.7	False	0.015082942522415566	True	True	True	True
ENSG00000231871.5	False	0.31648314911976755	True	False	True	True
ENSG00000225265.1	True	0.00022428006906831922	True	True	True	True
ENSG00000235703.5	True	0.0974706517433406	False	False	True	True
ENSG00000234327.7	True	0.0008826153512854014	True	True	True	True
ENSG00000233639.5	True	0.007581466206992925	True	True	True	True
ENSG00000234690.6	False	0.06150715426096781	True	False	True	True
ENSG00000224032.6	True	1.5004284856656717e-06	True	True	True	True
ENSG00000226419.7	True	0.0005247180402179917	True	True	True	True
ENSG00000242628.5	False	0.11583783737247631	True	False	True	True
ENSG00000236423.5	False	0.049441627369128535	False	True	True	True
ENSG00000224597.9	True	0.0008982119153726681	True	True	True	True
ENSG00000237883.1	False	0.003536082296034169	True	True	True	True
ENSG00000227028.6	True	0.5039643727748975	False	False	True	True
ENSG00000237413.5	False	0.041001896055653006	True	True	True	True
ENSG00000231365.5	False	0.000917700560081419	True	True	True	True
ENSG00000235770.5	False	0.00520244348180978	True	True	True	True
ENSG00000231013.1	False	0.5088202255760588	False	False	True	True
ENSG00000228798.1	False	0.25402522660685123	False	False	True	True
ENSG00000225206.8	False	0.11583783737247631	False	False	True	True
ENSG00000229043.2	False	0.0040664528692263965	True	True	True	True
ENSG00000196756.11	True	1.7596595495619645e-05	True	True	True	True
ENSG00000238276.5	False	0.18831635677064745	False	False	True	True
ENSG00000224272.2	False	0.5437749415929579	False	False	True	True
ENSG00000232973.11	False	0.002703959756557502	True	True	True	True
ENSG00000236830.6	False	3.4930603633494534e-05	True	True	True	True
ENSG00000236859.6	True	0.00023195264119926217	True	True	True	True
ENSG00000233237.6	True	0.023632907964469565	False	True	True	True
ENSG00000233008.5	True	0.006709107773314835	False	True	True	True
ENSG00000224660.1	False	4.790494440915191e-06	True	True	True	True
ENSG00000242125.3	True	4.397043973857064e-06	True	True	True	True
ENSG00000225554.1	False	0.0004283034946729448	True	True	True	True
ENSG00000226688.6	True	0.037789715453196905	True	True	True	True
ENSG00000229656.6	False	0.6755273346257504	False	False	True	True
ENSG00000224078.13	True	2.3878847472001724e-06	True	True	True	True
ENSG00000226674.8	False	0.15283542363516628	False	False	True	True
ENSG00000225470.7	True	0.00022428006906831922	True	True	True	True
ENSG00000233016.6	True	1.930439121330419e-05	True	True	True	True
ENSG00000231185.6	False	0.8168360362411919	False	False	True	True
ENSG00000228109.1	True	0.0010439843248793523	True	True	True	True
ENSG00000234753.5	True	0.17635798120691817	False	False	True	True
ENSG00000213742.6	True	8.325370410763165e-05	True	True	True	True
ENSG00000236780.5	True	0.23988066884589335	False	False	True	True
ENSG00000235597.1	False	0.014465823397006779	True	True	True	True
ENSG00000237654.5	False	0.029240645719711182	False	True	True	True
ENSG00000225746.9	True	0.06973337217277105	True	False	True	True
ENSG00000281404.1	False	0.5597874551166973	False	False	True	True
ENSG00000242086.8	True	1.5904761551947672e-05	True	True	True	True
ENSG00000215424.9	False	0.009261962109908145	True	True	True	True
ENSG00000225377.5	True	2.173772179598056e-06	True	True	True	True
ENSG00000177640.15	True	0.0023901127245932415	True	True	True	True
ENSG00000227543.4	False	0.49196605737526145	True	False	True	True
ENSG00000229694.6	True	0.0022531346073614	True	True	True	True
ENSG00000223749.9	False	0.00968023356906218	True	True	True	True
ENSG00000234456.7	True	6.742457889876176e-07	True	True	True	True
ENSG00000228192.7	False	0.01505314467958867	True	True	True	True
ENSG00000236283.4	False	0.21532984041595718	False	False	True	True
ENSG00000226312.7	False	0.24549391640011434	False	False	True	True
ENSG00000227070.1	False	0.10106464251639614	False	False	True	True
ENSG00000235903.7	True	0.011649265852618003	True	True	True	True
ENSG00000233223.2	True	6.790887094079128e-05	True	True	True	True
ENSG00000227218.7	False	0.4111491205412681	False	False	True	True
ENSG00000230212.6	False	0.4111491205412681	False	False	True	True
ENSG00000237484.5	False	0.21070242104745546	False	False	True	True
ENSG00000231057.3	False	0.09305617863547866	False	False	True	True
ENSG00000223960.6	False	0.00048570359089069145	True	True	True	True
ENSG00000237773.5	True	0.00016579408140855774	True	True	True	True
ENSG00000228794.8	False	8.281336556643361e-06	True	True	True	True
ENSG00000232613.6	False	0.7295230170551423	False	False	True	True
ENSG00000237870.6	False	0.0011214050300364493	True	True	True	True
ENSG00000236540.7	True	0.0063141468861593955	True	True	True	True
ENSG00000237126.8	False	0.011629234480951255	True	True	True	True
ENSG00000223884.5	True	0.2913197732693625	False	False	True	True
ENSG00000234678.1	False	0.0019459275509913373	True	True	True	True
ENSG00000231999.6	True	3.4930603633494534e-05	True	True	True	True
ENSG00000225383.7	True	1.74933195844974e-05	True	True	True	True
ENSG00000228649.8	False	0.00021781695213833068	True	True	True	True
ENSG00000232520.1	False	0.007340598834322478	True	True	True	True
ENSG00000225670.4	False	0.3906915309692998	False	False	True	True
ENSG00000224897.6	False	0.8015701477151598	False	False	True	True
ENSG00000226891.7	False	0.10146096842190812	True	False	True	True
ENSG00000224116.6	False	0.0057126520731776	True	True	True	True
ENSG00000225742.5	False	0.41009802314280386	False	False	True	True
ENSG00000230417.11	True	0.005262433547530104	True	True	True	True
ENSG00000226696.5	True	2.582763196892383e-05	True	True	True	True
ENSG00000225205.5	False	0.0672585655696294	False	False	True	True
ENSG00000227456.7	False	0.004716504102401821	True	True	True	True
ENSG00000225953.2	True	0.43593206760961606	False	False	True	True
ENSG00000241990.5	True	5.429286843402436e-07	True	True	True	True
ENSG00000237940.3	False	0.4447341799217586	False	False	True	True
ENSG00000236753.5	False	0.001950836214498522	True	True	True	True
ENSG00000233461.5	True	5.429286843402436e-07	True	True	True	True
ENSG00000229980.4	True	1.8438975945937836e-05	True	True	True	True
ENSG00000229807.10	True	0.8364905641636396	False	False	False	True
ENSG00000234281.5	True	0.03214572431880075	False	True	True	True
ENSG00000223546.6	False	0.01782689749987412	False	True	True	True
ENSG00000226051.6	True	0.0032072343589981127	True	True	True	True
ENSG00000231407.5	True	0.0027137682862965846	True	True	True	True
ENSG00000242282.6	True	5.429286843402436e-07	True	True	True	True
ENSG00000227533.5	False	0.012118051466163298	True	True	True	True
ENSG00000224924.6	False	0.0038696804324216145	True	True	True	True
ENSG00000218510.6	True	2.0316409801157316e-05	True	True	True	True
ENSG00000235314.1	False	5.623581110779899e-05	True	True	True	True
ENSG00000236404.8	True	7.700373622121233e-05	True	True	True	True
ENSG00000238164.6	False	0.041001896055653006	True	True	True	True
ENSG00000238142.1	True	0.00011880246775196932	True	True	True	True
ENSG00000234722.3	False	0.09431630645805507	True	False	True	True
ENSG00000225472.1	False	0.13275172074204933	True	False	True	True
ENSG00000231721.6	True	9.895371442398834e-07	True	True	True	True
ENSG00000226853.2	False	1.6053036429167251e-06	True	True	True	True
ENSG00000233864.7	True	0.16772615547533506	False	False	True	True
ENSG00000244625.5	False	1.6110725389654905e-06	True	True	True	True
ENSG00000228288.6	False	0.04626521849063581	False	True	True	True
ENSG00000233937.6	False	1.4618542144991623e-05	True	True	True	True
ENSG00000237037.9	True	0.00010703579483692483	True	True	True	True
ENSG00000235954.6	True	0.00012816356864329834	True	True	True	True
ENSG00000224177.6	False	0.007340598834322478	True	True	True	True
ENSG00000212978.6	False	1.3337554281866127e-06	True	True	True	True
ENSG00000233230.1	False	0.06323330465619598	True	False	True	True
ENSG00000225733.5	True	8.151302652624109e-05	True	True	True	True
ENSG00000231920.1	True	0.5971050810249336	False	False	True	True
ENSG00000224958.5	True	4.065056847804815e-05	True	True	True	True
ENSG00000237298.9	True	0.0037324931514529486	True	True	True	True
ENSG00000173811.10	False	0.08103452275530852	False	False	True	True
ENSG00000233392.5	False	0.1229331925099174	False	False	True	True
ENSG00000230798.5	True	0.001017165791978851	True	True	True	True
ENSG00000233521.5	False	0.26439329556434354	False	False	True	True
ENSG00000272734.1	False	0.006676102138772753	True	True	True	True
ENSG00000226471.6	True	0.005478869491885533	True	True	True	True
ENSG00000233117.2	True	0.0005007691352653189	True	True	True	True
ENSG00000235535.7	True	0.00019363470813627998	True	True	True	True
ENSG00000226380.9	False	0.3902728949986373	False	False	True	True
ENSG00000238005.2	True	0.041001896055653006	False	True	True	True
ENSG00000237928.5	True	0.19228127621836943	False	False	True	True
ENSG00000226266.6	False	0.0007800787546383965	True	True	True	True
ENSG00000270087.5	False	0.7896413223437472	False	False	True	True
ENSG00000224870.6	True	0.0010439843248793523	True	True	True	True
ENSG00000236013.5	False	0.001538944833604622	True	True	True	True
ENSG00000232310.6	True	0.00013827308943441236	True	True	True	True
ENSG00000223387.6	False	0.9070745831078814	False	False	True	True
ENSG00000230590.8	True	1.5408544622944078e-06	True	True	True	True
ENSG00000228203.6	False	0.29988142902448073	False	False	True	True
ENSG00000225683.5	False	0.008197096896403128	True	True	True	True
ENSG00000225083.1	False	0.0006596362568140394	True	True	True	True
ENSG00000238217.5	False	0.18831635677064745	False	False	True	True
ENSG00000227953.6	True	0.003056964715479182	True	True	True	True
ENSG00000236502.1	False	0.00405771973021657	True	True	True	True
ENSG00000225465.8	False	0.011710686635301032	True	True	True	True
ENSG00000224023.10	True	0.07200289043465206	True	False	True	True
ENSG00000226822.2	False	0.001415623844134899	True	True	True	True
ENSG00000231770.5	False	6.970319250590149e-05	True	True	True	True
ENSG00000228265.5	True	6.264716842498946e-05	True	True	True	True
ENSG00000237819.5	False	0.6050751175402898	True	False	True	True
ENSG00000225484.6	True	2.602138257295349e-06	True	True	True	True
ENSG00000236017.8	False	0.003100359578615069	True	True	True	True
ENSG00000231890.7	False	0.1796971990344601	False	False	True	True
ENSG00000226026.5	False	0.003089902755588292	True	True	True	True
ENSG00000239665.8	True	1.1974527380694845e-06	True	True	True	True
ENSG00000226791.6	False	0.02480367253819553	True	True	True	True
ENSG00000250303.3	True	5.429286843402436e-07	True	True	True	True
ENSG00000234380.1	False	0.0020368616810856445	True	True	True	True
ENSG00000244558.5	True	0.0017071105002769715	True	True	True	True
ENSG00000229017.6	False	0.04187174244218547	False	True	True	True
ENSG00000230910.2	False	4.598365575333861e-05	True	True	True	True
ENSG00000227373.5	True	0.03517707019502912	False	True	True	True
ENSG00000226091.7	True	0.0005078157050987372	True	True	True	True
ENSG00000259974.2	False	0.0019459275509913373	True	True	True	True
ENSG00000224843.6	True	0.2710534870344069	False	False	True	True
ENSG00000227110.6	False	0.29628282348125295	True	False	True	True
ENSG00000229267.2	False	0.0035640099725188384	True	True	True	True
ENSG00000236671.7	True	0.00520244348180978	False	True	True	True
ENSG00000235033.7	False	0.05630567245982337	False	False	True	True
ENSG00000236255.1	True	0.08573361106602007	True	False	True	True
ENSG00000228106.5	True	2.173772179598056e-06	True	True	True	True
ENSG00000232656.7	False	0.009067347394888185	True	True	True	True
ENSG00000226434.1	False	0.7956520636054821	False	False	True	True
ENSG00000233483.2	True	0.0006337390766525786	True	True	True	True
ENSG00000227946.1	False	3.4930603633494534e-05	True	True	True	True
ENSG00000228857.2	False	0.04156646453650493	False	True	True	True
ENSG00000226007.2	True	0.08131107336838128	False	False	True	True
ENSG00000231889.7	True	9.371767603938113e-05	True	True	True	True
ENSG00000214870.8	False	0.00011482578790781758	True	True	True	True
ENSG00000229388.1	False	4.445692646966482e-06	True	True	True	True
ENSG00000231683.6	False	0.0006588636771341104	True	True	True	True
ENSG00000224957.5	False	0.007266891644542357	True	True	True	True
ENSG00000223797.5	True	1.1550644791880216e-06	True	True	True	True
ENSG00000273018.5	True	0.00011917378898772148	True	True	True	True
ENSG00000230102.7	False	0.1229409384620751	False	False	True	True
ENSG00000245556.2	False	0.0009718955845255081	True	True	True	True
ENSG00000224397.5	True	4.083720850148653e-05	True	True	True	True
ENSG00000238057.8	False	0.5604623018730142	False	False	True	True
ENSG00000230333.6	False	0.008303401365234513	False	True	True	True
ENSG00000227906.7	False	0.1468275204850255	True	False	True	True
ENSG00000231768.1	False	0.27181351247745494	False	False	True	True
ENSG00000228340.5	False	0.05487529168541222	True	False	True	True
ENSG00000236673.5	False	0.0021519710762076447	True	True	True	True
ENSG00000229852.2	True	1.5578726865964078e-05	True	True	True	True
ENSG00000231028.8	False	0.8877504063033125	False	False	True	True
ENSG00000231711.2	False	1.6629496285580224e-05	True	True	True	True
ENSG00000229153.5	True	0.016619361710682522	False	True	True	True
ENSG00000228302.2	False	6.790887094079128e-05	True	True	True	True
ENSG00000230844.2	False	0.0029916479415513135	True	True	True	True
ENSG00000240240.8	False	0.027948551150516174	False	True	True	True
ENSG00000224165.5	True	0.0006808686261837428	True	True	True	True
ENSG00000283913.1	False	0.05196650866063021	False	False	True	True
ENSG00000228624.7	True	0.000697123722497266	True	True	True	True
ENSG00000224167.1	False	0.6901934820243737	False	False	True	True
ENSG00000237686.6	False	0.002786278421067865	True	True	True	True
ENSG00000236922.9	False	0.8866108738061682	False	False	True	True
ENSG00000214783.9	False	0.00024840189217230005	True	True	True	True
ENSG00000232940.5	False	0.0010887652857737283	True	True	True	True
ENSG00000234810.2	True	0.00016981055588040356	True	True	True	True
ENSG00000230442.5	False	0.0021678508556420444	True	True	True	True
ENSG00000228315.11	True	0.0004400292610401587	True	True	True	True
ENSG00000233723.7	False	0.013015070992737743	True	True	True	True
ENSG00000249790.2	False	0.12748630758445417	False	False	True	True
ENSG00000236120.6	False	0.3323409623661387	True	False	True	True
ENSG00000221817.9	False	6.300800465353152e-05	True	True	True	True
ENSG00000232104.3	False	0.006424311434068413	True	True	True	True
ENSG00000233901.5	True	0.002493917658110737	True	True	True	True
ENSG00000153363.12	True	5.429286843402436e-07	True	True	True	True
ENSG00000229931.1	False	0.33579578829906426	False	False	True	True
ENSG00000236088.9	True	0.006068093627838365	True	True	True	True
ENSG00000231252.2	False	0.41009802314280386	False	False	True	True
ENSG00000233098.8	False	0.17949528190747419	False	False	True	True
ENSG00000234452.5	False	0.00900480305863269	True	True	True	True
ENSG00000225439.2	True	0.00019072886534998027	True	True	True	True
ENSG00000237036.4	False	0.0034528845936819086	True	True	True	True
ENSG00000228801.5	False	4.764073349610466e-05	True	True	True	True
ENSG00000232079.6	False	0.002426703673755758	True	True	True	True
ENSG00000224259.6	True	0.00010667649344700386	True	True	True	True
ENSG00000256546.1	False	0.08674447849090139	True	False	True	True
ENSG00000233766.7	False	0.08762606084838373	True	False	True	True
ENSG00000233930.3	False	0.0013468882202854714	True	True	True	True
ENSG00000237054.9	False	0.5929081641088482	True	False	True	True
ENSG00000237352.3	True	0.001413545788586226	True	True	True	True
ENSG00000234177.5	False	0.21699109024146185	False	False	True	True
ENSG00000238113.6	True	0.0027860425310121547	True	True	True	True
ENSG00000232934.7	False	0.015551646462954377	True	True	True	True
ENSG00000233922.2	False	0.08434346455066566	True	False	True	True
ENSG00000237457.6	True	0.03118702723694538	True	True	True	True
ENSG00000185904.11	False	0.15988108605765827	True	False	True	True
ENSG00000225975.6	False	0.001413545788586226	True	True	True	True
ENSG00000233429.9	False	5.4238527173968554e-06	True	True	True	True
ENSG00000230269.6	False	0.08412713309335661	False	False	True	True
ENSG00000225062.1	True	0.0023381283306558413	True	True	True	True
ENSG00000205664.10	False	0.07603635624477875	False	False	True	True
ENSG00000237356.5	False	0.7950346894362348	False	False	True	True
ENSG00000231107.1	False	0.17949528190747419	True	False	True	True
ENSG00000240291.1	True	0.0004234641234121528	True	True	True	True
ENSG00000235016.1	False	0.4447341799217586	False	False	True	True
ENSG00000234323.6	True	0.08202202594527609	True	False	True	True
ENSG00000239636.1	False	0.0026059907244725014	True	True	True	True
ENSG00000237149.5	False	0.0003306092361321627	True	True	True	True
ENSG00000225032.5	False	0.027380691630818913	True	True	True	True
ENSG00000228889.6	False	0.006068093627838365	False	True	True	True
ENSG00000223653.5	False	0.1569224047932326	False	False	True	True
ENSG00000231427.5	False	0.04187174244218547	False	True	True	True
ENSG00000235527.6	True	0.3798972374710708	True	False	True	True
ENSG00000236333.3	False	0.0008545526906050896	True	True	True	True
ENSG00000272780.5	False	0.43088232315840447	False	False	True	True
ENSG00000233554.5	False	5.5313766307530544e-05	True	True	True	True
ENSG00000226328.6	True	0.0004276063358786654	True	True	True	True
ENSG00000230454.1	False	0.008300900303680601	True	True	True	True
ENSG00000239467.5	False	1.6255535386546107e-05	True	True	True	True
ENSG00000225335.3	True	0.005076238314525518	True	True	True	True
ENSG00000239407.5	False	0.05416742873697942	False	False	True	True
ENSG00000228395.1	False	0.0003481256117591689	True	True	True	True
ENSG00000234171.2	False	0.0009804943184044718	True	True	True	True
ENSG00000237380.6	False	0.6664665220984382	False	False	True	True
ENSG00000234362.5	False	0.7896413223437472	False	False	True	True
ENSG00000230943.1	False	0.00207522788309439	True	True	True	True
ENSG00000232995.7	False	0.0020673258023363138	True	True	True	True
ENSG00000230530.1	False	1.0	False	False	True	True
ENSG00000236810.5	False	0.0007495104049832233	True	True	True	True
ENSG00000230623.4	False	0.0009757868685133285	True	True	True	True
ENSG00000237742.6	False	0.019592176238951844	False	True	True	True
ENSG00000212694.8	True	2.0370180071993927e-05	True	True	True	True
ENSG00000226833.5	False	0.0042557957125345745	False	True	True	True
ENSG00000225177.5	False	4.445692646966482e-06	True	True	True	True
ENSG00000235478.4	False	0.0020824550723893727	True	True	True	True
ENSG00000224592.5	False	0.18831635677064745	False	False	True	True
ENSG00000234608.7	True	6.282760470509841e-05	True	True	True	True
ENSG00000229240.8	True	0.20187896293360927	True	False	True	True
ENSG00000226824.6	False	0.25084861603612923	False	False	True	False
ENSG00000233818.1	False	0.0019412556514326357	True	True	True	True
ENSG00000224905.6	False	0.3571161686933201	True	False	True	True
ENSG00000224596.7	True	0.34692070218770255	True	False	True	True
ENSG00000177788.5	False	0.013204350213314333	False	True	True	True
ENSG00000233221.6	False	0.8289524144305216	False	False	True	True
ENSG00000227117.6	False	0.0002001615490708842	True	True	True	True
ENSG00000223403.3	False	0.0024254164447175728	True	True	True	True
ENSG00000224945.1	False	0.06894081689111017	True	False	True	True
ENSG00000228061.5	False	0.28197531870933573	False	False	True	True
ENSG00000230513.1	False	0.00026842797568155834	True	True	True	True
ENSG00000225339.3	False	0.5860669126774478	False	False	True	True
ENSG00000231764.8	False	0.6639357297006138	False	False	True	True
ENSG00000224790.2	False	0.38267333527088976	True	False	False	False
ENSG00000228016.1	False	0.20866329255866928	False	False	True	True
ENSG00000231187.2	True	8.288987098182454e-05	True	True	True	True
ENSG00000236790.5	False	0.7323172553075592	False	False	True	True
ENSG00000236871.7	False	0.27181351247745494	False	False	True	True
ENSG00000239415.1	False	0.06951072523579292	True	False	True	True
ENSG00000231064.7	True	0.004766468850686882	True	True	True	True
ENSG00000223382.4	False	0.22497492477128903	False	False	True	True
ENSG00000227811.2	False	0.00011541228397053162	True	True	True	True
ENSG00000277147.4	True	5.429286843402436e-07	True	True	True	True
ENSG00000229647.1	False	0.0027137682862965846	True	True	True	True
ENSG00000227544.8	False	0.00012328113859171462	True	True	True	True
ENSG00000227128.4	False	0.001415623844134899	True	True	True	True
ENSG00000225706.1	False	0.0001620778242667985	True	True	True	True
ENSG00000230606.10	False	1.1550644791880216e-06	True	True	True	True
ENSG00000231298.6	False	0.4115926910306079	False	False	True	True
ENSG00000237499.6	False	0.11152788201125523	True	False	True	True
ENSG00000232044.6	False	0.002448095904283471	True	True	True	True
ENSG00000226251.5	False	0.08868053998322914	False	False	True	True
ENSG00000236740.6	False	0.7389378315847144	False	False	True	True
ENSG00000230615.6	True	0.002660850252948147	True	True	True	True
ENSG00000254929.6	False	0.00017498846651387004	True	True	True	True
ENSG00000232485.2	False	0.033718496889344834	False	True	True	True
ENSG00000227388.2	False	0.000318381485105292	True	True	True	True
ENSG00000234506.5	False	0.0026059907244725014	True	True	True	True
ENSG00000228412.7	True	0.16402766501315624	False	False	True	True
ENSG00000228701.1	False	0.0006337390766525786	True	True	True	True
ENSG00000204685.6	False	0.00013440952512433266	False	True	True	True
ENSG00000228791.7	False	0.0544743926952898	False	False	True	True
ENSG00000235026.5	False	0.09404228463246701	False	False	True	True
ENSG00000233334.3	False	0.02928217444856908	True	True	True	True
ENSG00000233251.7	False	0.0010322161381141712	True	True	True	True
ENSG00000230368.2	False	0.09211084187464344	True	False	True	True
ENSG00000235437.7	True	0.0008910717117861436	True	True	True	True
ENSG00000230461.8	False	0.0002588523999129881	True	True	True	True
ENSG00000228065.10	False	0.8616575675731064	False	False	True	True
ENSG00000249700.8	True	0.01528219788892318	True	True	True	True
ENSG00000248275.1	True	1.5728880591998968e-06	True	True	True	True
ENSG00000229743.2	False	0.010666972414083015	True	True	True	True
ENSG00000224046.1	True	0.006639049122534678	True	True	True	True
ENSG00000271860.6	False	0.7755757971143795	False	False	True	True
ENSG00000234840.1	False	0.04028771979398275	True	True	True	True
ENSG00000228436.2	True	2.602138257295349e-06	True	True	True	True
ENSG00000233038.5	True	0.1493839431133575	True	False	True	True
ENSG00000225302.2	False	0.000864880680487299	True	True	True	True
ENSG00000231574.5	False	0.6009039847741456	False	False	True	True
ENSG00000230084.5	False	9.895371442398834e-07	True	True	True	True
ENSG00000227060.6	False	0.4081135681255665	False	False	True	True
ENSG00000233532.5	False	0.05430029372925195	True	False	True	True
ENSG00000227115.7	False	0.01584961344062898	True	True	True	True
ENSG00000223891.5	True	0.007196679268895562	True	True	True	True
ENSG00000233005.1	True	0.197391907947554	False	False	True	True
ENSG00000237595.3	False	0.8482098708648638	False	False	True	True
ENSG00000230148.8	False	0.0021606538110983094	True	True	True	True
ENSG00000235706.7	True	1.282515913885828e-06	True	True	True	True
ENSG00000230337.1	False	0.04028771979398275	True	True	True	True
ENSG00000203709.11	False	1.7617523555724725e-05	True	True	True	True
ENSG00000233593.8	True	1.1131946459129242e-06	True	True	True	True
ENSG00000225434.2	False	0.0025850294657111597	True	True	True	True
ENSG00000236008.1	False	4.903274083725252e-05	True	True	True	True
ENSG00000229797.1	False	0.04187174244218547	True	True	True	True
ENSG00000227403.1	False	0.21390008130277033	False	False	True	True
ENSG00000175772.10	False	0.005006846609337356	True	True	True	True
ENSG00000232628.5	True	1.0	False	False	True	True
ENSG00000234336.6	True	0.013346680163904862	True	True	True	True
ENSG00000236939.2	False	0.047033083198096896	False	True	True	True
ENSG00000231160.9	True	0.003120935578599797	True	True	True	True
ENSG00000229124.6	False	0.16942163379028014	False	False	True	True
ENSG00000231769.2	False	0.0001567363231088393	True	True	True	True
ENSG00000229896.2	False	0.009407270548224562	False	True	True	True
ENSG00000233058.1	True	0.015608970197636032	True	True	True	True
ENSG00000230487.7	True	0.008980307037932076	False	True	True	True
ENSG00000236208.1	False	0.010341290204733566	True	True	True	True
ENSG00000230490.2	False	0.4125117998303049	False	False	True	True
ENSG00000249307.5	False	0.07566508107604787	True	False	True	True
ENSG00000203706.8	False	0.0048954074226723755	True	True	True	True
ENSG00000180139.11	False	0.005264127978983168	True	True	True	True
ENSG00000231212.1	False	0.9236740535847995	False	False	True	True
ENSG00000230725.5	False	0.0028649730146855525	True	True	True	True
ENSG00000231437.3	False	0.0036421482047058282	True	True	True	True
ENSG00000223812.5	False	0.06384179561728213	False	False	True	True
ENSG00000235501.5	False	2.3878847472001724e-06	True	True	True	True
ENSG00000225793.2	False	0.02128071897258382	False	True	True	True
ENSG00000234665.8	False	0.5210242092684612	False	False	True	True
ENSG00000226686.7	True	0.002139786022159239	True	True	True	True
ENSG00000228127.2	False	0.4111491205412681	False	False	True	True
ENSG00000228221.5	True	0.04156646453650493	False	True	True	True
ENSG00000236039.2	True	0.0019012673619581196	True	True	True	True
ENSG00000237813.3	True	0.27045982675932134	False	False	True	True
ENSG00000224914.3	False	0.08124984564706239	False	False	True	True
ENSG00000223485.2	True	0.010739723934787122	True	True	True	True
ENSG00000227071.1	False	0.43006759112603904	False	False	True	True
ENSG00000238197.5	True	0.7389378315847144	False	False	True	True
ENSG00000225595.2	False	0.22697960726301444	False	False	True	True
ENSG00000237188.3	True	0.18897145760270403	True	False	False	False
ENSG00000233705.6	True	0.07630975573219775	False	False	True	True
ENSG00000231908.1	False	9.445087318734415e-05	True	True	True	True
ENSG00000274020.2	True	0.0007350783348398697	True	True	True	True
ENSG00000241764.3	False	0.03794102758542718	False	True	True	True
ENSG00000226403.1	False	1.0749880824493379e-05	True	True	True	True
ENSG00000236947.5	False	0.8218451069535897	False	False	True	True
ENSG00000232406.6	False	0.16433469725226466	False	False	True	True
ENSG00000235513.1	False	0.02125548290555866	True	True	True	True
ENSG00000250608.1	False	0.0069468897441675335	True	True	True	True
ENSG00000227039.6	False	0.00405771973021657	True	True	True	True
ENSG00000227591.5	True	0.00019072886534998027	True	True	True	True
ENSG00000227053.1	True	0.015288866787704953	True	True	True	True
ENSG00000277631.4	False	0.05955143747026457	False	False	True	True
ENSG00000232645.5	True	0.020192984356193433	True	True	True	True
ENSG00000234350.4	False	0.0019511584447034526	True	True	True	True
ENSG00000226200.6	False	0.30083086646693225	False	False	False	False
ENSG00000228651.1	False	0.291257405580571	False	False	True	True
ENSG00000225855.6	True	7.308486262295738e-06	True	True	True	True
ENSG00000225489.6	False	0.0017080966731378064	True	True	True	True
ENSG00000232977.6	False	0.01544977341056951	False	True	True	True
ENSG00000228863.8	False	0.0027137682862965846	True	True	True	True
ENSG00000228408.6	False	0.5755431148882839	False	False	True	True
ENSG00000267532.5	True	2.602138257295349e-06	True	True	True	True
ENSG00000224699.8	True	1.3988624262341316e-05	True	True	True	True
ENSG00000272168.6	True	0.0011076933118678864	True	True	True	True
ENSG00000237372.2	True	0.0025102507198684946	True	True	True	True
ENSG00000223414.2	False	0.01967852819963901	True	True	True	True
ENSG00000227258.5	True	1.3447667966143548e-05	True	True	True	True
ENSG00000236144.6	False	0.003041572964710726	True	True	True	True
ENSG00000224318.5	False	0.309734929626572	False	False	True	True
ENSG00000244041.7	True	0.0009757868685133285	True	True	True	True
ENSG00000228393.3	True	0.00021380067779712834	True	True	True	True
ENSG00000237943.6	False	3.4290256467906196e-05	True	True	True	True
ENSG00000229619.3	False	5.429286843402436e-07	True	True	True	True
ENSG00000225778.5	False	0.002426703673755758	True	True	True	True
ENSG00000237310.1	False	0.00034829971806787745	True	True	True	True
ENSG00000234684.6	False	0.1434516541546797	True	False	False	False
ENSG00000233184.6	False	0.00037555817073405223	True	True	True	True
ENSG00000233178.7	False	0.0022731855618909206	True	True	True	True
ENSG00000237512.6	True	0.00041796124145428474	True	True	True	True
ENSG00000215481.9	False	0.0019459275509913373	True	True	True	True
ENSG00000145063.14	True	0.07630975573219775	False	False	True	True
ENSG00000234520.5	False	0.0012947302115821383	True	True	True	True
ENSG00000232671.5	False	0.0004846424858207961	False	True	True	True
ENSG00000231133.6	False	0.014295633307815473	True	True	True	True
ENSG00000163597.14	True	5.429286843402436e-07	True	True	True	True
ENSG00000281398.2	False	0.0004142829692541212	True	True	True	True
ENSG00000233527.8	True	0.0005178202086406062	True	True	True	True
ENSG00000229425.2	True	0.009407270548224562	True	True	True	True
ENSG00000235978.6	True	0.01453208944330776	True	True	True	True
ENSG00000231113.2	False	0.0029538662675545903	True	True	True	True
ENSG00000227954.6	True	0.7953965354965944	False	False	True	True
ENSG00000225792.1	False	0.00207522788309439	True	True	True	True
ENSG00000227165.7	False	0.5604623018730142	False	False	True	True
ENSG00000229116.2	False	0.018571240199489334	True	True	True	True
ENSG00000235652.7	False	0.002224285994622777	True	True	True	True
ENSG00000232354.8	False	0.4447341799217586	False	False	True	True
ENSG00000234949.2	False	0.041001896055653006	False	True	True	True
ENSG00000235919.4	False	0.0001971331161823224	True	True	True	True
ENSG00000233396.7	True	1.1550644791880216e-06	True	True	True	True
ENSG00000227634.2	False	0.03165508214714182	False	True	True	True
ENSG00000225791.6	False	0.0006848316765977055	True	True	True	True
ENSG00000270604.5	False	0.7295230170551423	False	False	True	True
ENSG00000227036.6	True	0.009484734843988134	True	True	True	True
ENSG00000237938.5	False	0.6346948460517072	False	False	True	True
ENSG00000233006.6	True	3.0718035962477236e-06	True	True	True	True
ENSG00000225963.7	False	0.2460652358659271	False	False	True	True
ENSG00000231731.7	False	0.0068397673862567185	True	True	True	True
ENSG00000233672.6	False	0.6174639698562988	True	False	True	True
ENSG00000225361.3	False	0.02442422430740815	False	True	True	True
ENSG00000240350.2	False	0.001155001309142607	True	True	True	True
ENSG00000227455.2	False	0.8611634014016305	False	False	True	True
ENSG00000235979.8	True	0.00405771973021657	True	True	True	True
ENSG00000227354.6	False	0.3170275881616564	True	False	False	False
ENSG00000231856.2	False	0.005500585463069608	True	True	True	True
ENSG00000228812.7	False	0.0003583448960302028	True	True	True	True
ENSG00000250903.8	False	1.3884805184788594e-05	True	True	True	True
ENSG00000213904.8	True	0.3170275881616564	True	False	True	True
ENSG00000235560.3	False	0.00019072886534998027	True	True	True	True
ENSG00000180539.7	False	0.00405771973021657	True	True	True	True
ENSG00000235531.9	True	0.001576907330094297	True	True	True	True
ENSG00000225655.5	True	0.33632913847688045	True	False	True	True
ENSG00000228775.7	False	0.3467471391334359	False	False	False	False
ENSG00000240086.5	False	0.10510828674726952	False	False	True	True
ENSG00000271147.7	True	4.764073349610466e-05	True	True	True	True
ENSG00000175061.17	True	1.3099196947457323e-06	True	True	True	True
ENSG00000243176.5	True	0.01597070647190489	True	True	True	True
ENSG00000241684.5	False	0.9063714438077555	False	False	True	True
ENSG00000204934.10	False	0.056002497090713255	False	False	True	True
ENSG00000242808.7	False	0.0033413422088830087	True	True	True	True
ENSG00000197989.13	True	1.282515913885828e-06	True	True	True	True
ENSG00000239213.5	False	2.9339800622494745e-05	True	True	True	True
ENSG00000239445.5	False	0.00010489339618441112	True	True	True	True
ENSG00000267272.5	True	8.659056280335287e-05	True	True	True	True
ENSG00000244479.6	False	0.04156646453650493	True	True	True	True
ENSG00000241163.7	True	0.6999838702515905	False	False	True	True
ENSG00000241472.6	False	0.3623801930382566	False	False	True	True
ENSG00000242474.2	False	0.7556556150379476	False	False	True	True
ENSG00000242516.1	False	0.004065748779356631	True	True	True	True
ENSG00000239523.5	False	0.00033905053489193974	True	True	True	True
ENSG00000243926.1	False	2.6258312295851854e-06	True	True	True	True
ENSG00000242428.5	False	0.03778848533556898	True	True	True	True
ENSG00000240137.5	False	6.280519002261683e-05	True	True	True	True
ENSG00000244300.2	False	4.732974096985945e-06	True	True	True	True
ENSG00000227733.9	True	0.0004234641234121528	True	True	True	True
ENSG00000241316.6	False	0.00012259740353904745	True	True	True	True
ENSG00000240207.6	False	0.0010439843248793523	True	True	True	True
ENSG00000241860.6	False	0.00013827308943441236	True	True	True	True
ENSG00000271554.1	False	0.041001896055653006	False	True	True	True
ENSG00000243836.5	False	0.8611634014016305	False	False	True	True
ENSG00000243701.5	True	0.00023796024366786015	True	True	True	True
ENSG00000239922.1	True	0.006620190702756986	True	True	True	True
ENSG00000242242.5	False	1.0	False	False	True	True
ENSG00000240005.5	True	0.28594748252911567	False	False	False	True
ENSG00000282057.1	False	0.0025222474198450854	True	True	True	True
ENSG00000243069.7	True	3.6437718373925454e-05	True	True	True	True
ENSG00000241135.5	True	6.434253670727518e-05	True	True	True	True
ENSG00000239332.5	False	0.001155001309142607	True	True	True	True
ENSG00000206573.8	True	9.445087318734415e-05	True	True	True	True
ENSG00000242686.4	False	0.006415150001130496	True	True	True	True
ENSG00000241288.7	True	0.2480496781251704	True	False	True	True
ENSG00000242622.1	False	0.8495369424220668	True	False	True	True
ENSG00000243083.5	True	0.0071581024120357965	True	True	True	True
ENSG00000272030.1	False	0.40167645791630613	False	False	True	True
ENSG00000196668.3	False	0.00022898698099642906	True	True	True	True
ENSG00000244128.5	False	0.0171655653181299	True	True	True	True
ENSG00000241158.5	True	0.7300963354214834	False	False	True	True
ENSG00000240859.1	False	1.3058809800171928e-05	True	True	True	True
ENSG00000256124.5	False	0.022300619873079026	True	True	True	True
ENSG00000240875.5	False	0.005568078572832934	True	True	True	True
ENSG00000242759.6	True	1.8438975945937836e-05	True	True	True	True
ENSG00000269609.5	False	4.790494440915191e-06	True	True	True	True
ENSG00000257524.5	False	0.37921689677599957	False	False	False	False
ENSG00000251396.6	False	0.34418815691985577	False	False	True	True
ENSG00000241570.8	True	0.0005096123596297466	True	True	True	True
ENSG00000239677.6	False	0.5997025447170575	False	False	True	True
ENSG00000240990.9	False	0.003801288320656423	True	True	True	True
ENSG00000276850.4	False	0.0005298956405982417	True	True	True	True
ENSG00000244513.6	False	0.6779230983198614	False	False	True	True
ENSG00000239381.6	False	0.6624016675465071	False	False	True	True
ENSG00000270164.1	False	0.041001896055653006	False	True	True	True
ENSG00000284048.1	False	0.29490480608146213	True	False	False	False
ENSG00000242593.5	False	0.0043254604057703285	True	True	True	True
ENSG00000261606.5	False	0.019977320826337776	False	True	True	True
ENSG00000238755.3	False	0.916113303333983	False	False	True	True
ENSG00000243193.4	False	0.3053610597529512	False	False	True	True
ENSG00000247828.7	True	1.1406908167395597e-05	True	True	True	True
ENSG00000246273.6	True	0.0007974847149046172	True	True	True	True
ENSG00000248049.6	True	0.003354196368883579	True	True	True	True
ENSG00000245750.7	False	0.0013843043374321283	True	True	True	True
ENSG00000245248.7	False	0.0023278731650893765	True	True	True	True
ENSG00000246223.8	True	9.894528701611396e-05	True	True	True	True
ENSG00000245573.7	False	0.1305346450482314	True	False	True	True
ENSG00000245293.2	False	0.00044401798639298915	True	True	True	True
ENSG00000246985.7	False	0.001392567845264325	True	True	True	True
ENSG00000245498.6	True	0.10159580935662192	True	False	True	True
ENSG00000246090.6	False	0.0019236901325379227	True	True	True	True
ENSG00000245146.6	True	0.002692683928080676	True	True	True	True
ENSG00000247240.7	False	5.287608556215455e-05	True	True	True	True
ENSG00000245468.3	False	0.0008306745607168164	True	True	True	True
ENSG00000247157.6	False	0.0009581610329893901	True	True	True	True
ENSG00000247193.2	False	0.7797652779943527	False	False	True	True
ENSG00000245213.6	True	0.47585467204418735	True	False	True	True
ENSG00000244879.6	True	4.457474871629723e-06	True	True	True	True
ENSG00000245937.7	True	0.02305474256636991	True	True	True	True
ENSG00000247950.6	False	0.006602879667398264	True	True	True	True
ENSG00000245149.3	True	0.0007350783348398697	True	True	True	True
ENSG00000246430.6	False	0.013204350213314333	True	True	True	True
ENSG00000247708.7	False	0.11067721266672621	True	False	True	True
ENSG00000247796.2	False	0.007591416354552203	True	True	True	True
ENSG00000247400.3	False	0.0004310377519319828	True	True	True	True
ENSG00000246523.7	False	0.08031664670193768	False	False	True	True
ENSG00000247081.7	True	0.04304465907454102	False	True	True	True
ENSG00000245281.6	True	0.004121021722181543	True	True	True	True
ENSG00000246982.6	False	0.4412767020006061	False	False	True	True
ENSG00000245812.2	False	0.010105637357117477	True	True	True	True
ENSG00000246263.2	False	0.0001009549455605499	True	True	True	True
ENSG00000246731.2	False	0.008583695145993218	True	True	True	True
ENSG00000245904.3	True	6.246827561375737e-05	True	True	True	True
ENSG00000245532.7	True	1.67513119896475e-06	True	True	True	True
ENSG00000246100.3	False	0.001010708344847518	True	True	True	True
ENSG00000245888.6	False	0.004890546403246846	True	True	True	True
ENSG00000245849.6	False	0.0004672948122504856	True	True	True	True
ENSG00000247287.2	True	2.3168486742646266e-05	True	True	True	True
ENSG00000246695.7	False	0.00015785552728870344	True	True	True	True
ENSG00000246174.7	False	0.017699813030824452	True	True	True	True
ENSG00000246089.3	True	0.017268191223411812	True	True	True	True
ENSG00000247572.7	True	0.00021063185141313316	True	True	True	True
ENSG00000246889.2	False	0.003057635203852509	True	True	True	True
ENSG00000246022.2	False	0.565599274972002	False	False	True	True
ENSG00000247774.6	False	0.00023297156370571988	True	True	True	True
ENSG00000247092.6	True	0.00012018510996327509	True	True	True	True
ENSG00000247095.2	True	6.844643339934151e-06	True	True	True	True
ENSG00000245614.3	False	0.18831635677064745	False	False	True	True
ENSG00000247416.2	False	0.4965153306614485	False	False	True	True
ENSG00000247137.8	True	0.0006098542616432467	True	True	True	True
ENSG00000245598.6	False	0.3182448526991441	False	False	True	True
ENSG00000244968.6	False	0.0029227936201921038	True	True	True	True
ENSG00000248019.2	False	0.00030333930905008366	True	True	True	True
ENSG00000247134.6	False	1.0443740678351003e-06	True	True	True	True
ENSG00000246582.2	False	0.5059615249553787	False	False	True	True
ENSG00000247556.6	True	2.5347111026165763e-06	True	True	True	True
ENSG00000246067.7	True	9.334880096662129e-05	True	True	True	True
ENSG00000247271.6	True	6.835618420837298e-05	False	True	True	True
ENSG00000246528.3	True	0.015197884445512597	False	True	True	True
ENSG00000248079.2	False	0.0022531346073614	True	True	True	True
ENSG00000245694.9	True	2.3878847472001724e-06	True	True	True	True
ENSG00000246339.5	False	0.000866970100734056	True	True	True	True
ENSG00000246379.6	False	0.24903697478906608	True	False	True	True
ENSG00000245275.7	False	0.3361549838730817	False	False	True	True
ENSG00000247121.6	False	0.3692685102930179	True	False	True	True
ENSG00000245552.6	False	0.22300025291823303	False	False	True	True
ENSG00000214432.9	False	0.057643454597771135	True	False	True	True
ENSG00000246662.6	False	0.2056253936503858	False	False	True	True
ENSG00000245017.2	False	0.0010845257384380894	True	True	True	True
ENSG00000247982.6	False	0.38139252203503615	False	False	True	True
ENSG00000245571.6	False	1.3988624262341316e-05	True	True	True	True
ENSG00000245685.6	False	0.042762377361104636	True	True	True	True
ENSG00000245060.6	False	0.0007126322668995393	True	True	True	True
ENSG00000247516.6	False	9.445087318734415e-05	True	True	True	True
ENSG00000247675.6	False	0.017917368657798975	False	True	True	True
ENSG00000245025.2	False	0.8495369424220668	False	False	True	True
ENSG00000247809.7	True	7.604494826951472e-05	True	True	True	True
ENSG00000247317.3	True	0.0009147164255949367	True	True	True	True
ENSG00000250320.5	False	0.23730312712973986	False	False	True	True
ENSG00000245526.10	True	0.48512040527895384	True	False	True	True
ENSG00000237125.8	True	1.116078028306039e-05	True	True	True	True
ENSG00000178722.12	False	0.3829071569893041	False	False	True	True
ENSG00000250365.6	False	0.2460652358659271	False	False	True	True
ENSG00000250802.6	True	0.19486122911033124	False	False	True	True
ENSG00000249267.6	False	0.004806551694014341	True	True	True	True
ENSG00000251372.5	False	0.3087955060527137	False	False	True	True
ENSG00000249328.2	True	0.00246808084820482	True	True	True	True
ENSG00000248714.6	False	0.42199942206598606	False	False	True	True
ENSG00000248161.5	True	4.042453497814897e-06	True	True	True	True
ENSG00000248890.1	False	0.001415623844134899	True	True	True	True
ENSG00000250938.5	False	0.0003381132672229241	True	True	True	True
ENSG00000249364.5	False	0.001270180604106833	True	True	True	True
ENSG00000237187.8	True	0.000432829150960166	True	True	True	True
ENSG00000248174.5	False	0.042715281159349326	False	True	True	True
ENSG00000251141.5	True	1.8438975945937836e-05	True	True	True	True
ENSG00000249592.5	False	0.004023790917067973	True	True	True	True
ENSG00000251442.5	False	0.018298095098748156	True	True	True	True
ENSG00000248587.7	False	0.049441627369128535	True	True	True	True
ENSG00000250999.1	False	0.007196679268895562	True	True	True	True
ENSG00000250041.2	True	0.0020837484835039897	True	True	True	True
ENSG00000248092.7	True	1.0443740678351003e-06	True	True	True	True
ENSG00000250007.6	False	0.9150735270172854	False	False	True	True
ENSG00000250328.5	True	0.0019459275509913373	True	True	True	True
ENSG00000250132.6	True	2.574581214217696e-05	True	True	True	True
ENSG00000248429.5	False	0.8312211924528143	False	False	True	True
ENSG00000251022.6	False	0.00011648951511101949	True	True	True	True
ENSG00000249673.6	True	0.00315023926268791	True	True	True	True
ENSG00000249509.1	False	0.21674563168417801	False	False	True	True
ENSG00000251136.8	False	2.2031284537519044e-05	True	True	True	True
ENSG00000251364.6	True	0.4818956620254413	True	False	True	True
ENSG00000248508.6	True	1.0443740678351003e-06	True	True	True	True
ENSG00000249042.5	True	0.004980800920285934	True	True	True	True
ENSG00000251602.6	False	0.02271553688480399	True	True	True	True
ENSG00000249306.5	True	0.5347152432402036	False	False	True	True
ENSG00000249816.6	False	0.22027376684278077	False	False	True	True
ENSG00000249859.9	True	6.960158586534437e-06	True	True	True	True
ENSG00000249846.6	False	0.2842984457547478	False	False	True	True
ENSG00000248858.7	False	0.48254171176707705	False	False	True	True
ENSG00000152931.7	True	0.056002497090713255	False	False	True	True
ENSG00000250073.2	True	0.001799533435092969	True	True	True	True
ENSG00000251432.6	True	0.007396155865367085	True	True	True	True
ENSG00000248360.7	False	0.00016282939415985658	True	True	True	True
ENSG00000251165.5	True	0.0006511511733340489	True	True	True	True
ENSG00000251450.1	False	0.6639357297006138	False	False	True	True
ENSG00000249669.9	True	5.435916263010522e-07	True	True	True	True
ENSG00000250241.5	False	0.007983124764234937	True	True	True	True
ENSG00000196810.4	True	0.011724552792462276	True	True	True	True
ENSG00000250056.5	True	0.0004310377519319828	True	True	True	True
ENSG00000250451.5	True	0.003801288320656423	False	True	True	True
ENSG00000249203.1	False	0.015858401504452353	False	True	True	True
ENSG00000250208.6	False	0.03056990195013282	True	True	True	True
ENSG00000248455.5	False	0.07630975573219775	False	False	True	True
ENSG00000249487.6	True	0.1229409384620751	False	False	True	True
ENSG00000249740.2	True	0.00200841247172873	True	True	True	True
ENSG00000249173.5	False	0.0019459275509913373	True	True	True	True
ENSG00000249249.1	False	4.764073349610466e-05	True	True	True	True
ENSG00000248810.1	False	0.09540526213167085	False	False	True	True
ENSG00000250198.1	False	0.008197096896403128	True	True	True	True
ENSG00000250891.1	False	0.056089634323508254	True	False	True	True
ENSG00000250846.6	False	0.7755757971143795	False	False	True	True
ENSG00000250326.1	False	0.02397734311410828	False	True	True	True
ENSG00000281501.1	True	1.2458780676017368e-05	True	True	True	True
ENSG00000250012.1	False	0.02125548290555866	True	True	True	True
ENSG00000251661.3	False	8.334141816506989e-06	True	True	True	True
ENSG00000249464.5	True	0.0546782655428798	False	False	True	True
ENSG00000250786.1	False	5.429286843402436e-07	True	True	True	True
ENSG00000250159.6	True	0.0005121906633689193	True	True	True	True
ENSG00000248668.2	False	0.2914382414410629	False	False	True	True
ENSG00000250978.5	False	0.004277384130351066	True	True	True	True
ENSG00000248309.7	True	1.849153954710595e-05	True	True	True	True
ENSG00000250742.2	False	2.8555053410076278e-06	True	True	True	True
ENSG00000248441.6	False	0.0008961449302416223	True	True	True	True
ENSG00000250548.6	True	0.0027137682862965846	True	True	True	True
ENSG00000251562.7	True	6.676633002566049e-06	True	True	True	True
ENSG00000250222.1	True	1.282515913885828e-06	True	True	True	True
ENSG00000248671.7	True	0.0022628750617716725	True	True	True	True
ENSG00000248636.6	False	0.0006577310515773232	True	True	True	True
ENSG00000251151.2	False	0.01585707615061358	True	True	True	True
ENSG00000249532.5	False	0.06789161563376019	True	False	True	True
ENSG00000251257.2	False	0.001270180604106833	True	True	True	True
ENSG00000251230.5	False	0.003250812361038201	True	True	True	True
ENSG00000250934.1	False	0.2376194721710354	True	False	True	True
ENSG00000251637.6	True	3.800023252069567e-05	True	True	True	True
ENSG00000248994.1	False	0.12068232398520758	True	False	True	True
ENSG00000248738.6	False	0.011629234480951255	True	True	True	True
ENSG00000248323.5	False	0.03087472346899611	True	True	True	True
ENSG00000248801.6	False	0.0028097643612691268	True	True	True	True
ENSG00000196951.10	True	6.92506866698846e-06	True	True	True	True
ENSG00000251580.1	False	0.0043254604057703285	True	True	True	True
ENSG00000251002.7	False	0.34002757878396256	False	False	True	True
ENSG00000249738.8	True	0.007591416354552203	False	True	True	True
ENSG00000249898.7	True	0.5388540814163167	False	False	True	True
ENSG00000253320.5	True	0.017653267546595082	True	True	True	True
ENSG00000253716.5	True	0.0002252735311728408	True	True	True	True
ENSG00000253773.2	False	0.6476043939242712	False	False	True	True
ENSG00000254109.5	False	0.24154875433932074	True	False	True	True
ENSG00000253552.7	True	0.0012661525214355824	True	True	True	True
ENSG00000253230.8	False	0.001415623844134899	True	True	True	True
ENSG00000253764.1	False	0.42199942206598606	False	False	True	True
ENSG00000253549.5	False	0.0029916479415513135	True	True	True	True
ENSG00000253686.1	False	0.0019459275509913373	True	True	True	True
ENSG00000253426.5	False	0.0003306535987053795	True	True	True	True
ENSG00000167912.5	True	0.0008522256021680407	True	True	True	True
ENSG00000253210.1	False	0.15936678957929623	False	False	True	True
ENSG00000253982.1	True	7.207649270480859e-06	True	True	True	True
ENSG00000253661.1	True	0.006068093627838365	True	True	True	True
ENSG00000273345.5	True	0.03416840486256827	True	True	True	True
ENSG00000254235.5	True	0.0019459275509913373	True	True	True	True
ENSG00000253123.3	False	0.33632913847688045	False	False	True	True
ENSG00000204758.7	False	0.7793261328501331	False	False	True	True
ENSG00000253352.8	True	6.92506866698846e-06	True	True	True	True
ENSG00000253214.1	False	0.27818657131916513	False	False	True	True
ENSG00000253633.1	False	0.142570841646795	False	False	True	True
ENSG00000253187.2	True	0.19228127621836943	True	False	True	True
ENSG00000253807.5	True	3.853413574885367e-05	True	True	True	True
ENSG00000253161.5	True	0.005262433547530104	True	True	True	True
ENSG00000253671.1	False	0.001274404245030146	True	True	True	True
ENSG00000254211.5	False	0.0002447288975558752	True	True	True	True
ENSG00000245910.8	True	1.67513119896475e-06	True	True	True	True
ENSG00000253389.2	False	0.0010795560538234168	True	True	True	True
ENSG00000254343.2	False	0.0001105683886215209	True	True	True	True
ENSG00000253559.1	False	0.04254188193987248	True	True	True	True
ENSG00000254377.5	False	0.024453033946913855	False	True	True	True
ENSG00000253177.1	False	0.6196978565501557	False	False	True	True
ENSG00000254231.1	False	0.1229409384620751	False	False	True	True
ENSG00000254615.2	True	7.04926240532714e-05	True	True	True	True
ENSG00000253642.5	False	0.19486122911033124	False	False	True	True
ENSG00000253738.1	True	5.160221428981919e-05	True	True	True	True
ENSG00000253842.1	False	0.4717552527979217	False	False	True	True
ENSG00000254363.6	False	0.3829071569893041	False	False	True	True
ENSG00000253877.5	False	0.012686800456131577	True	True	True	True
ENSG00000255248.7	True	6.742457889876176e-07	True	True	True	True
ENSG00000254427.1	False	0.011217626607612824	True	True	True	True
ENSG00000255328.1	False	0.04960789995198947	False	True	True	True
ENSG00000255062.1	True	0.0009852530165480103	True	True	True	True
ENSG00000255026.1	False	0.17949528190747419	False	False	True	True
ENSG00000254560.5	False	0.05448835110793304	False	False	True	True
ENSG00000196696.12	False	1.0758241352934121e-06	True	True	True	True
ENSG00000254860.5	False	0.01980429059377373	True	True	True	True
ENSG00000177112.7	True	0.008886561642499916	True	True	True	True
ENSG00000254489.1	False	0.6119522947975047	False	False	True	True
ENSG00000255284.1	True	8.010815436112296e-06	True	True	True	True
ENSG00000255435.6	False	0.23161111086716307	False	False	True	True
ENSG00000254510.1	False	0.03214572431880075	False	True	True	True
ENSG00000255121.2	False	0.6755273346257504	False	False	True	True
ENSG00000255129.5	False	0.017699813030824452	False	True	True	True
ENSG00000254614.2	False	0.0001626585626414529	True	True	True	True
ENSG00000230724.9	True	0.03212652645256229	False	True	True	True
ENSG00000255458.5	False	0.008135558689850482	False	True	True	True
ENSG00000255031.5	False	0.027051660472295656	True	True	True	True
ENSG00000255182.2	False	0.035404270855570324	True	True	True	True
ENSG00000255517.6	False	1.3337554281866127e-06	True	True	True	True
ENSG00000254815.5	False	0.03061565183939422	True	True	True	True
ENSG00000255197.5	True	0.0045621763810626045	False	True	True	True
ENSG00000254531.1	False	6.264716842498946e-05	True	True	True	True
ENSG00000204241.7	False	0.00041389476261913266	True	True	True	True
ENSG00000254635.5	False	0.00010202127562746981	True	True	True	True
ENSG00000254602.1	False	0.11944075459930188	False	False	True	True
ENSG00000255545.7	False	0.4827138496248082	False	False	True	True
ENSG00000255399.3	False	0.01684252474179737	True	True	True	True
ENSG00000260669.2	False	1.7615952651861402e-05	True	True	True	True
ENSG00000283341.1	False	0.00024646407836318563	True	True	True	True
ENSG00000215374.5	False	0.9070745831078814	False	False	True	True
ENSG00000254990.5	False	0.0019459275509913373	True	True	True	True
ENSG00000255234.5	False	0.40470071828699117	True	False	True	True
ENSG00000255135.3	False	6.283961806469168e-06	True	True	True	True
ENSG00000255139.1	False	0.03789026666660812	False	True	True	True
ENSG00000255198.4	True	0.008282293846917813	True	True	True	True
ENSG00000255468.6	True	0.1390911599928591	True	False	True	True
ENSG00000175773.12	False	0.24903697478906608	False	False	False	False
ENSG00000258604.1	True	1.5735479733654665e-05	True	True	True	True
ENSG00000255363.2	False	0.29317267531283875	False	False	True	True
ENSG00000225138.7	False	0.0017847294886329074	True	True	True	True
ENSG00000256116.1	False	0.5120685114278584	True	False	True	True
ENSG00000256001.1	False	0.03275599832239599	True	True	True	True
ENSG00000255693.1	False	0.057327611904254505	False	False	True	True
ENSG00000255717.6	False	5.429286843402436e-07	True	True	True	True
ENSG00000255857.5	True	0.0017859361731982699	True	True	True	True
ENSG00000255650.5	False	0.0919719237394758	False	False	True	True
ENSG00000255571.8	True	0.00029871609342660475	True	True	True	True
ENSG00000256802.2	False	0.004766468850686882	True	True	True	True
ENSG00000256540.1	False	0.0008726489731761927	True	True	True	True
ENSG00000256967.1	False	0.0010305603236224915	True	True	True	True
ENSG00000256654.3	False	0.0020368616810856445	True	True	True	True
ENSG00000256940.1	True	1.3988624262341316e-05	True	True	True	True
ENSG00000256508.2	False	0.0020627698328829647	True	True	True	True
ENSG00000256422.5	False	0.0050419483282552625	True	True	True	True
ENSG00000256008.2	True	0.019245530791150187	True	True	True	True
ENSG00000256092.2	False	0.0009974530502617103	True	True	True	True
ENSG00000250988.7	True	5.429286843402436e-07	True	True	True	True
ENSG00000255772.5	False	0.23301727757427437	False	False	True	True
ENSG00000257337.6	True	0.0019459275509913373	True	True	True	True
ENSG00000257698.1	False	5.558042688316452e-06	True	True	True	True
ENSG00000257556.1	False	0.000927733475219713	True	True	True	True
ENSG00000257242.7	True	0.2849710942010933	True	False	True	True
ENSG00000257135.5	False	0.5997025447170575	False	False	True	True
ENSG00000258017.1	False	0.007695332483134856	True	True	True	True
ENSG00000257913.2	False	0.0583791091426258	False	False	True	True
ENSG00000258325.2	False	0.002426703673755758	True	True	True	True
ENSG00000257433.5	False	0.00031490793696522704	True	True	True	True
ENSG00000235884.3	False	0.002749593955730266	True	True	True	True
ENSG00000257285.5	False	0.19486122911033124	True	False	True	True
ENSG00000272368.2	False	0.0001340911815281733	True	True	True	True
ENSG00000258168.5	False	0.006048958769037079	True	True	True	True
ENSG00000258297.1	False	0.00032311767966676307	True	True	True	True
ENSG00000257595.2	True	0.7556556150379476	False	False	True	True
ENSG00000258057.5	False	0.010674897285538595	True	True	True	True
ENSG00000257252.5	True	0.02048514011807484	True	True	True	True
ENSG00000257702.3	False	0.00023860569413716208	True	True	True	True
ENSG00000257599.1	False	0.46559738019308294	False	False	True	True
ENSG00000257815.5	True	0.0013468882202854714	True	True	True	True
ENSG00000257894.2	False	0.000765766409212865	True	True	True	True
ENSG00000257303.1	False	6.725149412583673e-07	True	True	True	True
ENSG00000257219.5	False	0.22240665230983514	False	False	True	True
ENSG00000257259.1	False	0.32722835237936304	False	False	True	True
ENSG00000257261.5	True	5.429286843402436e-07	True	True	True	True
ENSG00000257621.7	True	1.3988624262341316e-05	True	True	True	True
ENSG00000257176.2	False	0.006685931081266425	True	True	True	True
ENSG00000258702.1	False	0.011288336806093414	True	True	True	True
ENSG00000259065.1	False	0.00038978504072985685	True	True	True	True
ENSG00000258867.5	True	0.0019459275509913373	True	True	True	True
ENSG00000258498.8	True	0.10748911896800968	False	False	True	True
ENSG00000258733.5	False	0.057282114874633125	True	False	True	True
ENSG00000258959.1	False	0.0033607411771195564	True	True	True	True
ENSG00000258458.5	False	0.7914383562228393	False	False	False	False
ENSG00000272888.5	True	0.004775505631521268	True	True	True	True
ENSG00000258545.5	False	7.181158641718222e-05	True	True	True	True
ENSG00000157306.14	True	0.000307014386931465	True	True	True	True
ENSG00000259153.1	True	0.00024745746378998393	True	True	True	True
ENSG00000258301.3	False	0.3623801930382566	True	False	True	True
ENSG00000258476.5	False	0.015707543293311293	True	True	True	True
ENSG00000258584.1	False	0.001950836214498522	False	True	True	True
ENSG00000259146.3	False	0.003632205550912194	True	True	True	True
ENSG00000258603.3	False	0.0005521361200408444	True	True	True	True
ENSG00000258561.1	False	0.01115230445360877	True	True	True	True
ENSG00000258441.1	False	7.97097166481836e-05	True	True	True	True
ENSG00000258752.1	False	0.8168360362411919	False	False	False	True
ENSG00000258819.1	False	0.23676884729741293	False	False	True	True
ENSG00000258754.7	False	0.8289524144305216	False	False	True	True
ENSG00000259118.5	False	0.6134434999774565	True	False	True	True
ENSG00000258580.1	False	0.22697960726301444	False	False	True	True
ENSG00000258910.2	True	0.02708102209780179	False	True	True	True
ENSG00000259234.5	False	0.17516421085128075	False	False	True	True
ENSG00000259448.2	False	2.7233236199447874e-05	True	True	True	True
ENSG00000232386.9	False	0.03285207135527881	False	True	True	True
ENSG00000259370.2	False	8.046276934457519e-06	True	True	True	True
ENSG00000259347.6	True	0.0033525858857983816	True	True	True	True
ENSG00000259772.6	True	0.0035193464486649247	True	True	True	True
ENSG00000259363.5	True	0.00044879085900717156	True	True	True	True
ENSG00000259345.5	True	0.005568078572832934	True	True	True	True
ENSG00000259319.1	False	1.6883234287855637e-05	True	True	True	True
ENSG00000225766.9	False	0.004924984815040169	True	True	True	True
ENSG00000189419.6	True	5.432852991617608e-05	True	True	True	True
ENSG00000259291.2	False	2.602138257295349e-06	True	True	True	True
ENSG00000259251.2	False	0.02841217647998583	False	True	True	True
ENSG00000259275.2	False	0.29317267531283875	False	False	True	True
ENSG00000259248.5	True	0.024463180928409132	False	True	True	True
ENSG00000259456.3	False	0.01767985562397926	True	True	True	True
ENSG00000259520.5	False	0.1664974822205323	False	False	True	True
ENSG00000259495.2	True	0.0036049001355923298	True	True	True	True
ENSG00000259343.5	True	0.0023322592588038244	True	True	True	True
ENSG00000259673.5	False	5.429286843402436e-07	True	True	True	True
ENSG00000259446.5	True	0.6255595002575244	False	False	True	True
ENSG00000176753.5	False	0.29708383938831645	False	False	True	True
ENSG00000259577.1	False	0.02311425817943323	True	True	True	True
ENSG00000259583.2	True	0.02780240260589865	True	True	True	True
ENSG00000234377.7	False	1.0	False	False	True	True
ENSG00000259380.5	False	1.067948721656828e-05	True	True	True	True
ENSG00000261824.6	True	0.00011541228397053162	True	True	True	True
ENSG00000260442.5	False	7.97097166481836e-05	True	True	True	True
ENSG00000259964.6	True	0.07630975573219775	False	False	True	True
ENSG00000260653.5	False	0.3623801930382566	False	False	True	True
ENSG00000261008.6	True	0.0174494671548637	False	True	True	True
ENSG00000261296.1	False	0.032381641552303726	True	True	True	True
ENSG00000261227.2	False	0.011288336806093414	True	True	True	True
ENSG00000213599.10	False	0.17578733263951382	True	False	True	True
ENSG00000260186.5	False	0.0007614439813729358	True	True	True	True
ENSG00000259972.2	False	0.00010894103074664693	True	True	True	True
ENSG00000261094.2	False	0.035918705601072215	True	True	True	True
ENSG00000261064.1	False	0.0014039350253268613	True	True	True	True
ENSG00000260469.2	False	0.16143052429557486	False	False	True	True
ENSG00000261801.5	False	0.005030696415374771	True	True	True	True
ENSG00000261126.7	False	0.0033360720965543524	True	True	True	True
ENSG00000260750.5	False	0.022507843727421106	True	True	True	True
ENSG00000260807.6	False	0.003120935578599797	True	True	True	True
ENSG00000261487.1	False	0.000681638796383649	False	True	True	True
ENSG00000260565.6	False	0.004949844794595519	True	True	True	True
ENSG00000260778.5	False	4.175002818795013e-05	True	True	True	True
ENSG00000260136.5	True	1.74933195844974e-05	True	True	True	True
ENSG00000260517.2	True	0.012118051466163298	True	True	True	True
ENSG00000273036.2	True	0.0003381132672229241	True	True	True	True
ENSG00000261253.2	True	0.0002063274955460608	True	True	True	True
ENSG00000261329.5	False	0.00781475781998942	True	True	True	True
ENSG00000261360.1	False	0.004310096749891409	True	True	True	True
ENSG00000260448.5	False	8.185127458983008e-05	True	True	True	True
ENSG00000261183.5	True	0.014672760916548332	True	True	True	True
ENSG00000259953.1	False	0.08034914906734025	True	False	True	True
ENSG00000260630.6	False	0.0034158290331183206	True	True	True	True
ENSG00000260528.4	False	0.008430290350734377	True	True	True	True
ENSG00000260793.2	False	0.0671519272304558	True	False	True	True
ENSG00000260898.5	True	0.014465823397006779	True	True	True	True
ENSG00000259925.1	False	0.003089902755588292	True	True	True	True
ENSG00000261553.5	False	0.0010322161381141712	True	True	True	True
ENSG00000238045.9	True	8.39445643977054e-06	True	True	True	True
ENSG00000260658.5	False	0.33579578829906426	False	False	True	True
ENSG00000260788.5	False	0.015707543293311293	True	True	True	True
ENSG00000260086.2	False	0.013281704367895842	False	True	True	True
ENSG00000261664.5	False	0.13545778078675672	False	False	True	True
ENSG00000261195.1	True	0.09728230232983827	True	False	True	True
ENSG00000260664.2	False	0.0511212165038673	False	False	True	True
ENSG00000261840.2	False	1.2577945614820888e-05	True	True	True	True
ENSG00000260083.1	False	0.0006229199640027233	True	True	True	True
ENSG00000261804.1	True	0.0004638416053869065	True	True	True	True
ENSG00000261118.1	False	0.007228547327965508	True	True	True	True
ENSG00000261407.1	False	0.00657463767340698	True	True	True	True
ENSG00000260923.6	True	0.006122125535046138	True	True	True	True
ENSG00000261604.1	False	0.40555674958762616	True	False	True	True
ENSG00000261520.5	False	0.7295230170551423	False	False	True	True
ENSG00000261188.1	False	2.4406834547847254e-05	True	True	True	True
ENSG00000261386.2	True	0.00229737484843782	True	True	True	True
ENSG00000260276.2	False	0.2885163613454296	True	False	False	False
ENSG00000261713.6	False	0.8866108738061682	False	False	True	True
ENSG00000261040.6	True	0.0074828421399168	True	True	True	True
ENSG00000261505.1	False	0.0008961449302416223	True	True	True	True
ENSG00000260853.1	False	0.009771650603670476	True	True	True	True
ENSG00000261105.5	False	0.00968023356906218	True	True	True	True
ENSG00000260372.6	False	0.0013590737196657774	True	True	True	True
ENSG00000259868.2	False	0.024616204907558288	False	True	True	True
ENSG00000260492.2	False	0.04966324090254918	False	True	True	True
ENSG00000262223.6	True	0.018298095098748156	True	True	True	True
ENSG00000262580.5	False	0.0004156242594877394	True	True	True	True
ENSG00000262879.5	False	0.0024447348822202505	True	True	True	True
ENSG00000262061.5	False	3.4930603633494534e-05	True	True	True	True
ENSG00000263072.6	True	0.004494295133877619	True	True	True	True
ENSG00000262454.2	False	4.666575374456945e-05	True	True	True	True
ENSG00000261971.6	True	7.1549329832110635e-06	True	True	True	True
ENSG00000261978.1	False	0.05196650866063021	True	False	True	True
ENSG00000262370.5	True	0.0037151895428145167	True	True	True	True
ENSG00000261879.5	False	0.00968023356906218	True	True	True	True
ENSG00000262877.4	False	0.001155001309142607	True	True	True	True
ENSG00000262468.5	False	7.418525195959633e-05	True	True	True	True
ENSG00000263146.2	False	0.5627600257557357	False	False	True	True
ENSG00000262873.1	False	0.004860709404322475	True	True	True	True
ENSG00000262188.1	False	0.2914382414410629	False	False	True	True
ENSG00000262001.1	False	0.002038164779218621	True	True	True	True
ENSG00000226137.5	False	5.1442340236023186e-05	True	True	True	True
ENSG00000263069.5	False	0.17516421085128075	False	False	True	True
ENSG00000262312.2	False	0.9236740535847995	False	False	True	True
ENSG00000262097.1	False	0.003250812361038201	True	True	True	True
ENSG00000263004.1	False	0.0027137682862965846	False	True	True	True
ENSG00000262728.5	False	0.9694924665551252	False	False	False	False
ENSG00000264112.1	True	0.0004701595699255845	True	True	True	True
ENSG00000264920.1	True	5.429286843402436e-07	True	True	True	True
ENSG00000263753.6	True	8.40699011532524e-06	True	True	True	True
ENSG00000265096.1	False	0.01585707615061358	True	True	True	True
ENSG00000265142.8	False	0.6535690056585874	False	False	True	True
ENSG00000232956.8	True	1.5869477874986852e-05	True	True	True	True
ENSG00000264247.1	False	0.00017911636067934536	True	True	True	True
ENSG00000266677.1	False	0.32807392356077986	True	False	True	True
ENSG00000264515.5	False	0.5597874551166973	False	False	True	True
ENSG00000264956.1	False	0.4111491205412681	False	False	True	True
ENSG00000264672.5	False	0.6346948460517072	False	False	True	True
ENSG00000264968.1	False	0.027122281193596907	False	True	True	True
ENSG00000215769.8	True	2.173772179598056e-06	True	True	True	True
ENSG00000263412.1	False	0.0009214354274800048	True	True	True	True
ENSG00000266835.5	False	0.2056253936503858	False	False	True	True
ENSG00000263958.1	False	0.3829071569893041	False	False	True	True
ENSG00000270820.5	False	0.007425909783583368	True	True	True	True
ENSG00000263400.6	False	0.0009017247939001298	True	True	True	True
ENSG00000264589.2	False	0.3718793897669306	False	False	True	True
ENSG00000266010.1	True	0.0001857047994973345	True	True	True	True
ENSG00000265055.1	False	0.9276807482248897	False	False	True	True
ENSG00000263603.1	False	0.0024036370310821357	True	True	True	True
ENSG00000265479.6	False	0.000613143108811865	True	True	True	True
ENSG00000263766.5	True	0.006783952875831653	False	True	True	True
ENSG00000264734.1	False	0.46764188729615025	False	False	True	True
ENSG00000266402.3	False	0.00044879085900717156	True	True	True	True
ENSG00000265542.5	False	0.4125117998303049	False	False	True	True
ENSG00000265688.1	False	0.6156840158742495	True	False	True	True
ENSG00000266053.2	True	0.0011138709624786797	True	True	True	True
ENSG00000264569.1	False	0.00089039067135948	True	True	True	True
ENSG00000279668.2	True	0.034149592346358545	True	True	True	True
ENSG00000267278.5	False	0.06519706182594523	False	False	True	True
ENSG00000267364.1	False	3.4930603633494534e-05	True	True	True	True
ENSG00000266916.5	True	6.960158586534437e-06	True	True	True	True
ENSG00000166770.10	False	6.742457889876176e-07	True	True	True	True
ENSG00000267080.5	False	0.0001235903429674968	True	True	True	True
ENSG00000267121.5	False	0.00024709447733949915	True	True	True	True
ENSG00000267659.5	True	0.46453938936403927	False	False	True	True
ENSG00000267383.6	False	0.9601492878800862	False	False	True	True
ENSG00000267470.5	True	0.0017223081004273289	True	True	True	True
ENSG00000267586.6	True	0.4279253036906055	False	False	True	True
ENSG00000267454.5	True	9.174641835256656e-06	True	True	True	True
ENSG00000267198.1	True	0.00013168575938721978	True	True	True	True
ENSG00000267106.5	False	0.00013198768022100674	True	True	True	True
ENSG00000267649.1	True	1.0	False	False	True	True
ENSG00000267575.6	True	7.418559456032797e-05	True	True	True	True
ENSG00000232006.8	False	0.060468491802152045	False	False	True	True
ENSG00000267248.1	False	0.000700309610597839	True	True	True	True
ENSG00000266903.1	True	0.0010624456834488608	True	True	True	True
ENSG00000267302.5	True	5.429286843402436e-07	True	True	True	True
ENSG00000267737.1	False	0.5310373492671701	False	False	True	True
ENSG00000267605.5	False	0.0001686429988632053	True	True	True	True
ENSG00000267053.6	False	0.1390544493486743	False	False	True	True
ENSG00000267750.5	False	0.11137211264398708	True	False	True	True
ENSG00000267270.5	False	0.3131650865673835	False	False	True	True
ENSG00000267009.6	True	0.11943814804733092	True	False	True	True
ENSG00000267199.1	False	0.14911415772935144	True	False	True	True
ENSG00000266904.5	True	0.408610661477195	True	False	False	False
ENSG00000267128.1	False	0.5607365058170695	False	False	True	True
ENSG00000267280.5	False	0.002786278421067865	True	True	True	True
ENSG00000266993.3	False	0.29628282348125295	True	False	True	True
ENSG00000267665.1	False	0.03212652645256229	True	True	True	True
ENSG00000267265.5	False	0.17949528190747419	False	False	True	True
ENSG00000266921.1	False	0.1431828340636198	False	False	True	True
ENSG00000267279.1	True	1.6506205487288176e-05	True	True	True	True
ENSG00000267058.1	False	3.091900131761507e-06	True	True	True	True
ENSG00000267254.5	True	4.4139106663150375e-06	True	True	True	True
ENSG00000266970.1	False	0.0076466822868786945	True	True	True	True
ENSG00000197291.8	False	0.5437749415929579	False	False	True	True
ENSG00000225313.5	True	0.004222277755917076	True	True	True	True
ENSG00000267421.6	True	0.00019185252668516773	True	True	True	True
ENSG00000267751.5	False	0.0023212883433170284	True	True	True	True
ENSG00000267452.1	False	0.0011630994110856142	True	True	True	True
ENSG00000267169.1	False	0.0002994253816450651	True	True	True	True
ENSG00000267107.6	False	2.1443149535653884e-06	True	True	True	True
ENSG00000283633.1	True	0.00047052017035053553	True	True	True	True
ENSG00000267432.5	False	0.6396546920834906	False	False	True	True
ENSG00000266947.1	False	0.0019459275509913373	True	True	True	True
ENSG00000267072.2	True	0.600621787674488	False	False	True	True
ENSG00000267251.2	False	0.4681678042659314	False	False	True	True
ENSG00000204282.4	False	0.00013440952512433266	True	True	True	True
ENSG00000267322.2	True	0.00700373062588425	False	True	True	True
ENSG00000267014.5	False	0.0019159477027506173	True	True	True	True
ENSG00000186019.10	False	0.2455467149293002	True	False	True	True
ENSG00000267002.2	True	5.429286843402436e-07	True	True	True	True
ENSG00000267260.1	False	0.02708102209780179	True	True	True	True
ENSG00000267244.5	False	0.5039643727748975	False	False	True	True
ENSG00000267757.4	False	0.007118608101698756	True	True	True	True
ENSG00000267040.6	True	1.0443740678351003e-06	True	True	True	True
ENSG00000267321.2	False	3.100220820482584e-05	True	True	True	True
ENSG00000268061.5	False	0.0012312523954325792	True	True	True	True
ENSG00000268895.5	True	0.000198762500575001	True	True	True	True
ENSG00000232098.3	False	9.63551583408812e-05	True	True	True	True
ENSG00000236778.7	True	0.005500585463069608	True	True	True	True
ENSG00000227195.10	False	0.005282043070224741	True	True	True	True
ENSG00000269386.5	False	3.7354613266233063e-06	True	True	True	True
ENSG00000268388.5	False	0.0009757868685133285	True	True	True	True
ENSG00000267858.5	False	0.25402522660685123	True	False	True	True
ENSG00000268119.5	True	0.0025775330738574184	True	True	True	True
ENSG00000269352.1	False	6.92506866698846e-06	True	True	True	True
ENSG00000269834.5	False	1.0673800205527816e-05	True	True	True	True
ENSG00000269793.5	False	0.0001221039456031897	True	True	True	True
ENSG00000229692.3	False	0.5960255742878741	True	False	True	True
ENSG00000268093.1	True	0.0014128076813437096	True	True	True	True
ENSG00000268362.5	False	3.523223187106334e-05	True	True	True	True
ENSG00000269235.1	False	0.0001888316311741045	True	True	True	True
ENSG00000268751.1	False	0.31425307393363155	False	False	True	True
ENSG00000269439.5	True	6.92506866698846e-06	True	True	True	True
ENSG00000268027.5	False	0.0006898218825218396	True	True	True	True
ENSG00000268401.1	True	0.00405771973021657	True	True	True	True
ENSG00000268006.1	False	0.0001888316311741045	True	True	True	True
ENSG00000268654.1	False	0.37312349824552987	False	False	True	True
ENSG00000268189.2	False	0.6346948460517072	True	False	True	True
ENSG00000267871.5	False	3.744830342895552e-05	True	True	True	True
ENSG00000268230.5	False	0.001645680498814081	True	True	True	True
ENSG00000268355.1	True	0.16942163379028014	True	False	True	True
ENSG00000269293.2	False	2.602138257295349e-06	True	True	True	True
ENSG00000269985.1	False	0.0012525246211375094	True	True	True	True
ENSG00000270111.2	True	0.3829071569893041	False	False	True	True
ENSG00000270112.3	True	0.4925501450519462	True	False	True	True
ENSG00000270091.1	False	0.002361488170735765	True	True	True	True
ENSG00000269893.6	True	1.3884805184788594e-05	True	True	True	True
ENSG00000270069.1	False	0.001107669839463688	True	True	True	True
ENSG00000270049.2	True	0.00012259740353904745	True	True	True	True
ENSG00000271133.5	False	0.02311425817943323	True	True	True	True
ENSG00000271335.5	True	7.663006335976068e-05	True	True	True	True
ENSG00000270332.1	True	5.616697983661234e-06	True	True	True	True
ENSG00000271334.5	False	0.23676884729741293	False	False	True	True
ENSG00000271109.1	False	0.016619361710682522	True	True	True	True
ENSG00000271270.5	True	0.0004672948122504856	True	True	True	True
ENSG00000271538.5	False	0.1392908658193807	True	False	True	True
ENSG00000270547.5	False	0.06885331298394111	False	False	True	True
ENSG00000272146.5	False	0.006415150001130496	True	True	True	True
ENSG00000271858.5	False	0.004048628626814985	True	True	True	True
ENSG00000271826.5	False	0.11669388583610875	False	False	True	True
ENSG00000271913.5	True	0.7105254846962055	True	False	True	True
ENSG00000272288.5	True	9.152852811096855e-06	True	True	True	True
ENSG00000272097.1	False	0.6396546920834906	False	False	True	True
ENSG00000272070.1	False	0.52170583237843	True	False	True	True
ENSG00000271848.1	False	0.04927086473652115	False	True	True	True
ENSG00000272142.1	False	0.0009313952343415318	True	True	True	True
ENSG00000272138.1	True	0.008197096896403128	True	True	True	True
ENSG00000273297.1	True	0.0167479703003925	True	True	True	True
ENSG00000273143.1	True	0.1127145791788659	True	False	True	True
ENSG00000273061.1	False	0.018675136706798403	True	True	True	True
ENSG00000272758.5	False	1.3884805184788594e-05	True	True	True	True
ENSG00000272690.5	False	0.08673373447079845	True	False	True	True
ENSG00000273247.5	False	1.5004284856656717e-06	True	True	True	True
ENSG00000272599.2	False	0.7783442907007626	False	False	True	True
ENSG00000273492.5	False	0.011373561711501893	True	True	True	True
ENSG00000273356.1	False	0.02907899278766969	False	True	True	True
ENSG00000272702.1	True	7.663006335976068e-05	True	True	True	True
ENSG00000272870.1	False	1.210696537206152e-05	True	True	True	True
ENSG00000272894.5	False	1.0443740678351003e-06	True	True	True	True
ENSG00000272568.5	False	0.09374612210279781	False	False	True	True
ENSG00000272693.3	False	0.002535722069788308	True	True	True	True
ENSG00000272677.1	False	9.92656480722976e-06	True	True	True	True
ENSG00000231728.3	False	0.09580867338424456	True	False	True	True
ENSG00000275294.4	True	0.5209744106365527	False	False	True	True
ENSG00000278133.1	True	0.00010006030445303035	True	True	True	True
ENSG00000274265.4	True	0.00038837308087516536	True	True	True	True
ENSG00000273674.4	False	0.0008981045744516564	True	True	True	True
ENSG00000278464.1	False	0.0019012673619581196	True	True	True	True
ENSG00000276075.1	False	1.3884805184788594e-05	True	True	True	True
ENSG00000276170.4	True	0.0005521361200408444	True	True	True	True
ENSG00000226067.6	False	3.486382237836279e-06	True	True	True	True
ENSG00000278611.1	True	0.00016298138619613546	True	True	True	True
ENSG00000275830.1	False	0.08391801430580723	False	False	True	True
ENSG00000278768.1	False	6.703523673869504e-05	True	True	True	True
ENSG00000203804.4	False	0.07790481825663471	True	False	True	True
ENSG00000277199.1	False	0.11562940125928173	False	False	True	True
ENSG00000276649.1	False	0.009432344084323724	False	True	True	True
ENSG00000278390.4	False	0.06610430005577587	False	False	True	True
ENSG00000278156.1	False	0.0006169598234493275	True	True	True	True
ENSG00000278175.3	True	7.828817425838858e-05	True	True	True	True
ENSG00000274253.4	True	5.567711777101595e-06	True	True	True	True
ENSG00000274333.4	False	0.8312211924528143	False	False	True	True
ENSG00000275496.4	False	0.09891331310812651	False	False	True	True
ENSG00000279082.3	False	0.005054321060715086	True	True	True	True
ENSG00000278932.3	True	0.00020908816937864502	False	True	True	True
ENSG00000280145.3	True	0.008013821420723842	True	True	True	True
ENSG00000280018.3	False	0.00045157218553745364	True	True	True	True
ENSG00000280081.3	False	0.41009802314280386	False	False	True	True
ENSG00000279762.3	False	7.318967368801234e-05	True	True	True	True
ENSG00000278903.3	False	0.03302707399329113	False	True	True	True
ENSG00000279168.2	False	0.001848367186564002	True	True	True	True
ENSG00000279094.3	False	0.0321703994160115	True	True	True	True
ENSG00000279750.3	False	0.16402766501315624	False	False	True	True
ENSG00000281649.1	False	0.004428808891120861	True	True	True	True
ENSG00000280734.2	False	1.3337554281866127e-06	True	True	True	True
ENSG00000280739.2	False	0.547475652776231	True	False	False	False
ENSG00000280721.1	False	0.0006065173545353879	True	True	True	True
ENSG00000281657.2	False	0.1229409384620751	False	False	True	True
ENSG00000281162.2	False	0.008294903922554327	False	True	True	True
ENSG00000281357.2	False	0.5989583240344786	False	False	True	True
ENSG00000280832.1	False	2.4623757458245538e-05	True	True	True	True
ENSG00000280623.1	False	0.0005843843316194831	True	True	True	True
ENSG00000280870.2	False	0.26722001147794605	False	False	True	True
ENSG00000281392.1	True	4.198146124236347e-05	True	True	True	True
ENSG00000281103.1	True	0.00021380067779712834	True	True	True	True
ENSG00000282508.1	False	0.010105637357117477	True	True	True	True
ENSG00000282024.1	True	0.012142595620494497	True	True	True	True
ENSG00000282851.1	False	0.0001049077487489311	True	True	True	True
ENSG00000282917.1	False	0.1325410269441693	False	False	True	True
ENSG00000283108.1	False	0.3284540594977252	True	False	True	True
ENSG00000282885.1	False	0.056089634323508254	False	False	True	True
ENSG00000282943.1	False	0.009407270548224562	True	True	True	True
ENSG00000228526.6	False	6.264716842498946e-05	True	True	True	True
ENSG00000283128.1	True	0.0019459275509913373	True	True	True	True
ENSG00000283674.1	False	3.7354613266233063e-06	True	True	True	True
ENSG00000283458.1	False	0.08556314157862574	False	False	True	True
ENSG00000283196.1	True	2.3878847472001724e-06	True	True	True	True
ENSG00000203809.6	False	0.2436365688381529	False	False	True	True
ENSG00000283352.1	False	0.22300025291823303	False	False	True	True
ENSG00000283462.1	False	0.18831635677064745	False	False	True	True
ENSG00000283213.1	True	0.2436365688381529	False	False	True	True
ENSG00000283380.1	False	0.23988066884589335	False	False	True	True
ENSG00000283503.1	False	0.5604623018730142	False	False	True	True
ENSG00000284052.1	False	4.598365575333861e-05	True	True	True	True
ENSG00000284428.1	True	3.7354613266233063e-06	True	True	True	True
ENSG00000284196.1	True	2.371154766752099e-06	True	True	True	True
ENSG00000284543.1	False	0.00012816356864329834	True	True	True	True
ENSG00000283886.1	False	0.08332759035593226	True	False	True	True
ENSG00000283897.1	True	0.08123024539990847	False	False	True	True
