gene_id	switch_sig	de_deseq2_nooffset	de_deseq2_lenoffset	de_edger_nooffset	de_edger_lenoffset	efflen_ratio_max_min
ENSG00000232774.7	True	True	True	True	True	1.400959367945824
ENSG00000231607.10	False	True	True	True	True	3.438177063877475
ENSG00000149656.8	False	True	True	True	True	1.6055363321799307
ENSG00000161149.12	False	True	True	True	True	1.1764004767580454
ENSG00000232527.7	True	True	True	True	True	1.470557994575631
ENSG00000163364.9	False	True	True	True	True	1.6789976133651552
ENSG00000215241.3	False	True	True	True	True	1.762749445676275
ENSG00000170161.6	False	True	True	True	True	1.7823240589198035
ENSG00000170846.16	True	True	True	True	True	1.4398753894080998
ENSG00000172965.14	True	True	True	True	True	2.265703176565354
ENSG00000174171.5	False	True	True	True	True	5.4613935969868175
ENSG00000272752.6	False	True	True	True	True	1.8210974693059383
ENSG00000179136.6	False	True	True	True	True	1.9142178046672427
ENSG00000179523.4	False	True	True	True	True	2.526919682259488
ENSG00000176593.7	False	True	True	True	True	5.874087591240876
ENSG00000177738.3	True	True	True	True	True	3.9276315789473686
ENSG00000177337.7	True	True	True	True	True	3.1855252497974615
ENSG00000176840.11	False	True	True	True	True	1.78303028907955
ENSG00000180769.8	True	True	True	True	True	4.435628406422067
ENSG00000177406.4	False	True	True	True	True	3.9031719532554257
ENSG00000177133.10	False	True	True	True	True	6.654132400612156
ENSG00000175611.11	True	True	True	True	True	1.8130928797504384
ENSG00000214184.3	False	True	True	True	True	1.028673835125448
ENSG00000242791.2	False	True	True	True	True	2.054380664652568
ENSG00000176912.3	False	True	True	True	True	1.2022792022792024
ENSG00000176728.7	True	False	False	True	True	1.913231879016929
ENSG00000178803.10	False	True	True	True	True	1.2614701529353725
ENSG00000177410.12	True	True	True	True	True	1.0877152533857581
ENSG00000185837.3	True	True	True	True	True	1.817109144542773
ENSG00000183250.11	False	True	True	True	False	1.9220716309772783
ENSG00000170919.15	True	True	True	True	True	3.7058037770494585
ENSG00000185847.7	False	True	True	True	True	1.5570054945054945
ENSG00000182109.7	True	True	True	True	True	3.0123203285420943
ENSG00000222041.10	True	True	True	True	True	1.321444023741895
ENSG00000185168.5	False	True	True	True	True	1.6288244766505635
ENSG00000183308.6	False	True	True	True	True	1.690721649484536
ENSG00000189223.14	True	True	True	True	True	20.80952380952381
ENSG00000182648.11	True	True	True	True	True	2.8165552497050723
ENSG00000182873.5	False	True	True	True	True	2.014469453376206
ENSG00000186594.14	True	True	True	True	True	1.714965551745194
ENSG00000186615.10	True	True	True	True	True	1.549645390070922
ENSG00000228463.9	False	True	True	True	True	1.63136971449223
ENSG00000249087.6	True	True	True	True	True	5.1873728833696875
ENSG00000204588.5	False	True	True	True	True	1.0726552179656539
ENSG00000270580.5	False	True	True	True	True	5.305301645338209
ENSG00000188185.11	False	True	True	True	True	6.514957264957265
ENSG00000188825.13	False	True	True	True	True	1.7770034843205575
ENSG00000188242.4	False	True	True	True	True	1.0170909278669904
ENSG00000188511.12	False	True	True	True	True	2.6379391100702576
ENSG00000232110.7	False	True	True	True	True	1.6588720770288858
ENSG00000196167.9	True	True	True	True	True	1.6638586398191906
ENSG00000196295.11	True	True	True	True	True	4.1639328277358345
ENSG00000198468.7	True	True	True	True	False	2.8737254901960787
ENSG00000197934.8	False	True	True	True	True	1.7798643714136673
ENSG00000236882.7	True	True	True	True	True	2.5522388059701493
ENSG00000174365.19	True	True	True	True	True	2.053509734587651
ENSG00000198221.8	False	True	True	True	True	2.458440131819846
ENSG00000182165.17	True	True	True	True	True	1.4330589076323923
ENSG00000251301.6	True	True	True	True	True	2.068649885583524
ENSG00000197182.14	True	True	True	True	True	9.23076923076923
ENSG00000242687.2	False	True	True	True	True	6.2234432234432235
ENSG00000256925.2	True	True	True	True	True	1.1114890400604687
ENSG00000234222.6	False	False	False	False	True	2.2440318302387268
ENSG00000203279.3	False	True	True	True	True	1.088512241054614
ENSG00000228010.5	True	True	True	True	True	1.0601503759398496
ENSG00000231312.6	True	True	True	True	True	3.804119579271739
ENSG00000249684.5	False	True	True	True	True	2.197132616487455
ENSG00000179818.13	True	True	True	True	True	2.4955809215815576
ENSG00000240401.8	True	True	False	True	True	2.3221757322175733
ENSG00000203506.5	False	True	True	True	True	1.5032751075388346
ENSG00000234912.11	True	True	True	True	True	2.0846303501945527
ENSG00000235257.8	False	True	True	True	True	2.675641930132889
ENSG00000223482.7	True	True	True	True	True	1.8260298260529542
ENSG00000146521.9	False	True	True	True	True	1.4083546462063086
ENSG00000225511.6	False	True	True	True	True	5.910377358490566
ENSG00000233452.6	True	True	True	True	True	2.45502201719438
ENSG00000213057.5	True	True	True	True	True	4.473958333333333
ENSG00000203739.3	False	True	True	True	True	1.2822324267043448
ENSG00000203808.10	False	True	True	True	True	1.5325989877939863
ENSG00000203865.9	False	True	True	True	True	1.6996759092545912
ENSG00000203875.10	True	True	True	True	True	1.8344991553928744
ENSG00000203876.9	True	True	True	True	True	13.402542372881356
ENSG00000174407.13	False	True	True	True	True	1.482381530984204
ENSG00000203930.10	True	True	True	True	True	1.9100968188105119
ENSG00000203987.2	False	True	True	True	True	6.974025974025974
ENSG00000203993.4	False	True	True	True	True	1.4547906039405596
ENSG00000203999.8	False	True	True	True	True	2.418875927889714
ENSG00000226711.6	False	True	True	True	True	5.288306451612903
ENSG00000204055.4	False	True	True	True	True	1.5709900230237912
ENSG00000125804.13	False	True	True	True	True	3.008009492732127
ENSG00000204706.14	False	True	True	True	True	1.8197859018580453
ENSG00000204792.2	True	False	False	True	True	2.353470437017995
ENSG00000204802.3	False	False	True	False	False	3.2535211267605635
ENSG00000204860.4	False	True	True	True	True	1.7373209772535805
ENSG00000204929.12	True	True	True	True	True	1.6644754141467262
ENSG00000168405.15	True	True	True	True	True	2.1678607983623337
ENSG00000205037.2	True	True	True	True	True	1.786707882534776
ENSG00000205181.5	False	True	True	True	True	10.557858376511227
ENSG00000120664.10	False	True	True	True	True	1.1141732283464567
ENSG00000234449.2	False	True	True	True	True	1.2813835989117761
ENSG00000237945.7	False	True	True	True	True	14.5984
ENSG00000205696.4	False	True	True	True	True	1.0095087163232963
ENSG00000205740.2	False	False	False	False	True	1.645811240721103
ENSG00000248932.5	False	True	True	True	True	1.1294559218666163
ENSG00000205885.7	False	True	True	True	True	16.22153846153846
ENSG00000237975.6	False	True	True	True	True	3.3057395143487858
ENSG00000205913.6	False	True	True	True	True	4.71304347826087
ENSG00000205930.8	False	False	False	False	True	4.074750830564784
ENSG00000206187.3	False	True	True	True	True	3.7972972972972974
ENSG00000206195.10	False	True	True	True	True	2.212711337667886
ENSG00000206417.8	True	True	True	True	True	3.212851397756088
ENSG00000206567.9	False	True	False	True	True	3.1722408026755855
ENSG00000203288.3	False	True	True	True	True	1.2841423948220065
ENSG00000224043.7	True	True	True	True	True	1.0936995153473343
ENSG00000233175.2	True	True	True	True	True	5.312997347480106
ENSG00000247498.9	False	True	True	True	True	4.365
ENSG00000227540.1	True	True	True	True	True	1.2882502113271344
ENSG00000177335.10	True	True	True	True	True	3.5377358490566038
ENSG00000224281.4	True	True	True	True	True	5.517117117117117
ENSG00000220575.7	False	True	True	True	True	1.661339889366933
ENSG00000236432.7	False	True	True	True	True	6.128878281622912
ENSG00000213963.6	False	True	True	True	True	7.736815920398009
ENSG00000232807.2	False	True	True	True	True	9.149606299212598
ENSG00000214049.6	False	True	True	True	True	1.6811700182815357
ENSG00000214106.7	True	True	True	True	True	1.2532991924364782
ENSG00000214293.8	True	True	True	True	True	1.7771961899013273
ENSG00000214353.7	False	True	True	True	True	2.2624708624708623
ENSG00000214401.4	True	True	True	True	True	1.0681289479731721
ENSG00000214548.14	True	True	True	True	True	3.0254074168097844
ENSG00000236200.5	False	True	True	True	True	2.0024038461538463
ENSG00000214719.11	False	True	True	True	True	2.436645962732919
ENSG00000214900.9	True	True	True	True	True	3.854955041320474
ENSG00000214922.9	True	True	True	True	True	1.9283970707892595
ENSG00000186960.10	True	True	True	True	True	1.8915254237288137
ENSG00000215022.7	False	True	True	True	True	4.168173598553345
ENSG00000215039.6	True	True	True	True	True	1.9275103343177782
ENSG00000215067.9	True	True	True	True	True	2.237342025624354
ENSG00000215068.7	True	True	True	True	True	6.027363184079602
ENSG00000215256.3	True	True	True	True	True	2.1016949152542375
ENSG00000215386.11	True	True	True	True	True	3.404713934236275
ENSG00000215447.7	False	True	True	True	True	3.7532133676092543
ENSG00000215483.9	True	True	True	True	True	7.3312629399585925
ENSG00000242349.5	False	True	True	True	True	1.1025641025641026
ENSG00000215859.8	False	True	True	True	True	1.7168098159509202
ENSG00000215866.7	False	True	True	True	True	2.3715775749674055
ENSG00000216895.9	True	True	True	True	True	1.5533372267752557
ENSG00000218416.4	False	True	True	True	True	2.1595289079229123
ENSG00000219665.8	True	True	True	True	True	2.6013754226551375
ENSG00000221819.5	False	True	True	True	True	1.0023041474654377
ENSG00000186235.10	False	True	True	True	True	3.157190635451505
ENSG00000222020.2	True	True	True	True	True	1.1848958333333333
ENSG00000231742.5	False	True	True	True	True	1.3618290258449304
ENSG00000224429.7	False	True	True	True	True	1.4457831325301205
ENSG00000234494.7	False	True	True	True	True	1.5437133681355197
ENSG00000232442.1	True	True	True	True	True	1.158351409978308
ENSG00000230387.2	False	True	True	True	True	3.307475317348378
ENSG00000226950.6	True	True	True	True	True	1.017300103851001
ENSG00000223745.7	True	True	True	True	True	4.087360243563981
ENSG00000225331.1	False	True	True	True	True	1.289985052316891
ENSG00000229956.10	True	True	True	True	True	2.8245125348189415
ENSG00000231170.5	True	True	True	True	True	2.511400651465798
ENSG00000226644.5	False	True	True	True	True	1.2915662650602409
ENSG00000130600.17	True	True	True	True	True	3.207880434782609
ENSG00000234741.7	True	True	True	True	True	1.4030156213930198
ENSG00000229891.1	False	True	True	True	True	2.4042105263157896
ENSG00000228274.3	False	True	True	True	True	1.7953929539295392
ENSG00000229847.8	False	True	True	True	True	13.798076926271952
ENSG00000179406.7	False	True	True	True	True	2.011765964274254
ENSG00000204261.8	False	True	True	True	True	1.254662485558673
ENSG00000237491.8	False	True	True	True	True	4.491606714628297
ENSG00000225194.2	False	True	True	True	True	3.0602836879432624
ENSG00000204054.13	True	True	True	True	True	6.526853057373625
ENSG00000224424.7	False	True	True	True	True	1.9772466539196942
ENSG00000231609.5	False	True	True	True	True	2.0655574043261233
ENSG00000230091.6	False	True	True	True	True	1.6434965771458663
ENSG00000226308.1	False	True	True	True	True	1.6445698166431595
ENSG00000223949.6	False	True	True	True	True	1.1634334307733192
ENSG00000237950.1	False	True	True	True	True	1.0164609053497942
ENSG00000232931.5	False	True	True	True	True	1.5647254575707155
ENSG00000174403.15	False	True	True	True	True	1.3730524079320112
ENSG00000179935.9	False	True	True	True	True	4.494550408719346
ENSG00000233895.1	False	True	True	True	True	1.9287749287749287
ENSG00000234546.3	False	True	True	True	True	1.1702970297029704
ENSG00000234899.9	True	True	True	True	True	4.209919210069829
ENSG00000223969.5	True	True	True	True	True	1.1101973684210527
ENSG00000231074.8	True	True	True	True	True	1.5656401486417717
ENSG00000235092.5	True	True	True	True	True	1.3826623141095393
ENSG00000232677.6	True	True	True	True	True	2.119883625847106
ENSG00000234072.1	False	True	True	True	True	2.2978723404255317
ENSG00000225342.2	False	True	True	True	True	1.5175257731958762
ENSG00000225518.2	False	True	True	True	True	1.4066193853427895
ENSG00000228878.7	False	True	True	True	True	7.175141242937853
ENSG00000241769.7	False	True	True	True	True	3.344495903099394
ENSG00000237232.7	False	True	True	True	True	1.2693333333333334
ENSG00000230185.4	False	True	True	True	False	1.5383244206773619
ENSG00000237737.5	False	True	True	True	True	3.672945205479452
ENSG00000225889.7	False	True	True	True	True	2.749542961608775
ENSG00000231871.5	False	True	True	True	True	1.8358862144420132
ENSG00000225265.1	True	True	True	True	True	1.7655759748991484
ENSG00000235703.5	True	True	True	True	True	12.02112676056338
ENSG00000234327.7	True	True	True	True	True	1.5864978902953586
ENSG00000233639.5	True	True	True	True	True	1.2100494233937398
ENSG00000234690.6	False	True	True	True	True	2.2933333333333334
ENSG00000224032.6	True	True	True	True	True	1.1019441363504916
ENSG00000226419.7	True	True	True	True	True	4.028367706815916
ENSG00000242628.5	False	True	True	True	True	1.8620689655172413
ENSG00000236423.5	False	True	True	True	True	4.8249211356466875
ENSG00000224597.9	True	True	True	True	True	2.6048259337140274
ENSG00000237883.1	False	True	True	True	True	1.138976626658244
ENSG00000227028.6	True	True	True	True	True	3.9020408163265308
ENSG00000237413.5	False	True	True	True	True	1.7034188034188034
ENSG00000231365.5	False	True	True	True	True	3.8428015564202336
ENSG00000235770.5	False	True	True	True	True	2.7575040478266284
ENSG00000231013.1	False	True	True	True	True	1.6023809523809525
ENSG00000228798.1	False	True	True	True	True	1.0934393638170974
ENSG00000225206.8	False	True	True	True	True	1.5876945981810529
ENSG00000229043.2	False	True	True	True	True	2.078635014836795
ENSG00000196756.11	True	True	True	True	True	1.3696701235517676
ENSG00000238276.5	False	True	True	True	True	1.1540841584158417
ENSG00000224272.2	False	True	True	True	True	1.0144568360181743
ENSG00000232973.11	False	True	True	True	True	4.91649411181654
ENSG00000236830.6	False	True	True	True	True	8.210061782877316
ENSG00000236859.6	True	True	True	True	True	1.0582318075507156
ENSG00000233237.6	True	True	True	True	True	6.558758314855876
ENSG00000233008.5	True	True	True	True	True	8.31675392670157
ENSG00000224660.1	False	True	True	True	True	2.431606519208382
ENSG00000242125.3	True	True	True	True	True	1.343127273292359
ENSG00000225554.1	False	True	True	True	True	1.0305182476013577
ENSG00000226688.6	True	True	True	True	True	6.304042179261863
ENSG00000229656.6	False	True	True	True	True	1.0067243035542748
ENSG00000224078.13	True	True	True	True	True	3.713622603993947
ENSG00000226674.8	False	True	True	True	True	10.254424778761061
ENSG00000225470.7	True	True	True	True	True	2.870259749664354
ENSG00000233016.6	True	True	True	True	True	1.8038890133989254
ENSG00000231185.6	False	True	True	True	True	1.3544690427692019
ENSG00000228109.1	True	True	True	True	True	2.0809628008752736
ENSG00000234753.5	True	True	True	True	True	1.435346979530704
ENSG00000213742.6	True	True	True	True	True	7.178461538461539
ENSG00000236780.5	True	True	True	True	True	3.677758318739054
ENSG00000235597.1	False	True	True	True	True	2.5630936227951153
ENSG00000237654.5	False	True	True	True	True	8.956611570247935
ENSG00000225746.9	True	True	True	True	True	8.558086560364465
ENSG00000281404.1	False	True	True	True	True	1.5137420718816068
ENSG00000242086.8	True	True	True	True	True	2.5030109746458558
ENSG00000215424.9	False	True	True	True	True	4.066083916083916
ENSG00000225377.5	True	True	True	True	True	1.0145454545613757
ENSG00000177640.15	True	True	True	True	True	1.803474584061035
ENSG00000227543.4	False	True	True	True	True	2.460390355912744
ENSG00000229694.6	True	True	True	True	True	1.591887417218543
ENSG00000223749.9	False	True	True	True	True	1.4039408866995076
ENSG00000234456.7	True	True	True	True	True	6.101926161396172
ENSG00000228192.7	False	True	True	True	True	1.203307392996109
ENSG00000236283.4	False	True	True	True	True	7.4052132701421804
ENSG00000226312.7	False	True	True	True	True	2.0137758296806516
ENSG00000227070.1	False	True	True	True	True	1.419607843137255
ENSG00000235903.7	True	True	True	True	True	5.695575221238938
ENSG00000233223.2	True	True	True	True	True	1.8446993663621307
ENSG00000227218.7	False	True	True	True	True	1.654191616766467
ENSG00000230212.6	False	True	True	True	True	1.7695652812777027
ENSG00000237484.5	False	True	True	True	True	1.7095825984714874
ENSG00000231057.3	False	True	True	True	True	4.01304347826087
ENSG00000223960.6	False	True	True	True	True	2.2388844621513946
ENSG00000237773.5	True	True	True	True	True	1.4532689754213513
ENSG00000228794.8	False	True	True	True	True	5.888825214899714
ENSG00000232613.6	False	True	True	True	True	2.0565656565656565
ENSG00000237870.6	False	True	True	True	True	1.5015337423312884
ENSG00000236540.7	True	True	True	True	True	1.6358267716535433
ENSG00000237126.8	False	True	True	True	True	1.4983370340097633
ENSG00000223884.5	True	True	True	True	True	1.0471698113207548
ENSG00000234678.1	False	True	True	True	True	1.576
ENSG00000231999.6	True	True	True	True	True	1.8428246013667424
ENSG00000225383.7	True	True	True	True	True	1.5956949481176572
ENSG00000228649.8	False	True	True	True	True	1.9268292682926829
ENSG00000232520.1	False	True	True	True	True	3.4405458089668617
ENSG00000225670.4	False	True	True	True	True	1.8262130384699904
ENSG00000224897.6	False	True	True	True	True	5.715289982425308
ENSG00000226891.7	False	True	True	True	True	5.757700205338809
ENSG00000224116.6	False	True	True	True	True	1.6173304628632938
ENSG00000225742.5	False	True	True	True	True	1.3808801213960546
ENSG00000230417.11	True	True	True	True	True	4.903460837887067
ENSG00000226696.5	True	True	True	True	True	1.4965635738831615
ENSG00000225205.5	False	True	True	True	True	1.7960915402417075
ENSG00000227456.7	False	True	True	True	True	3.2747252747252746
ENSG00000225953.2	True	True	True	True	True	5.761160714285714
ENSG00000241990.5	True	True	True	True	True	1.1824275239955755
ENSG00000237940.3	False	True	True	True	True	5.046511627906977
ENSG00000236753.5	False	True	True	True	True	2.334857142857143
ENSG00000233461.5	True	True	True	True	True	1.075890791300324
ENSG00000229980.4	True	True	True	True	True	1.7270693512304252
ENSG00000229807.10	True	False	False	True	True	5.648972414551049
ENSG00000234281.5	True	True	True	True	True	1.815126050420168
ENSG00000223546.6	False	True	True	True	True	2.1097025180775613
ENSG00000226051.6	True	True	True	True	True	3.387978142076503
ENSG00000231407.5	True	True	True	True	True	3.5123160548189483
ENSG00000242282.6	True	True	True	True	True	1.58273380678747
ENSG00000227533.5	False	True	True	True	True	2.73576512455516
ENSG00000224924.6	False	True	True	True	True	1.1279975996692893
ENSG00000218510.6	True	True	True	True	True	1.207494118512236
ENSG00000235314.1	False	True	True	True	True	1.3237924865831843
ENSG00000236404.8	True	True	True	True	True	4.245308310991957
ENSG00000238164.6	False	True	True	True	True	2.9610176446450556
ENSG00000238142.1	True	True	True	True	True	1.1199246482959395
ENSG00000234722.3	False	True	True	True	True	1.938438808175326
ENSG00000225472.1	False	True	True	True	True	1.2156368221941993
ENSG00000231721.6	True	True	True	True	True	3.443025540275049
ENSG00000226853.2	False	True	True	True	True	1.2324003392705682
ENSG00000233864.7	True	True	True	True	True	5.99092970521542
ENSG00000244625.5	False	True	True	True	True	1.5787821720025108
ENSG00000228288.6	False	True	True	True	True	1.3575317604355717
ENSG00000233937.6	False	True	True	True	True	1.9289878113407524
ENSG00000237037.9	True	True	True	True	True	3.1700546252350676
ENSG00000235954.6	True	True	True	True	True	4.851028806584362
ENSG00000224177.6	False	True	True	True	True	3.3333333333333335
ENSG00000212978.6	False	True	True	True	True	2.2744217381540532
ENSG00000233230.1	False	True	True	True	True	1.300727032385988
ENSG00000225733.5	True	True	True	True	True	1.894673728390127
ENSG00000231920.1	True	True	True	True	True	1.4307359307359306
ENSG00000224958.5	True	True	True	True	True	1.0457038391224862
ENSG00000237298.9	True	True	True	True	True	6.34938738258794
ENSG00000173811.10	False	True	True	True	True	1.574337303111794
ENSG00000233392.5	False	True	True	True	True	1.8629164391043145
ENSG00000230798.5	True	True	True	True	True	2.002127659574468
ENSG00000233521.5	False	True	True	True	True	1.1539855072463767
ENSG00000272734.1	False	True	True	True	True	1.3666666666666667
ENSG00000226471.6	True	True	True	True	True	1.2965409046554128
ENSG00000233117.2	True	True	True	True	True	17.355371900826448
ENSG00000235535.7	True	True	True	True	True	5.300177619893428
ENSG00000226380.9	False	True	True	True	True	2.4929358392741414
ENSG00000238005.2	True	True	True	True	True	2.804416403785489
ENSG00000237928.5	True	True	False	True	True	1.9645608628659477
ENSG00000226266.6	False	True	True	True	True	6.494845360824742
ENSG00000270087.5	False	True	True	True	True	1.1383219954648527
ENSG00000224870.6	True	True	True	True	True	1.1142275633674936
ENSG00000236013.5	False	True	True	True	True	1.1766917293233083
ENSG00000232310.6	True	True	True	True	True	1.2700522069292832
ENSG00000223387.6	False	True	True	True	True	2.3485254691689006
ENSG00000230590.8	True	True	True	True	True	2.256359116705413
ENSG00000228203.6	False	True	True	True	True	4.7799352750809065
ENSG00000225683.5	False	True	True	True	True	3.1146384479717812
ENSG00000225083.1	False	True	True	True	True	1.864516129032258
ENSG00000238217.5	False	True	True	True	True	4.083928571428571
ENSG00000227953.6	True	True	True	True	True	4.7101449275362315
ENSG00000236502.1	False	True	True	True	True	1.204853675945753
ENSG00000225465.8	False	True	True	True	True	10.356140350877194
ENSG00000224023.10	True	True	True	True	True	2.438564699095703
ENSG00000226822.2	False	True	True	True	True	3.3228882833787465
ENSG00000231770.5	False	True	True	True	True	1.0618137502133322
ENSG00000228265.5	True	True	True	True	True	1.0819672131147542
ENSG00000237819.5	False	True	True	True	True	1.0917487684729064
ENSG00000225484.6	True	True	True	True	True	4.580898181660257
ENSG00000236017.8	False	True	True	True	True	1.518987341772152
ENSG00000231890.7	False	True	True	True	False	4.565916398713826
ENSG00000226026.5	False	True	True	True	True	1.6483664533512967
ENSG00000239665.8	True	True	True	True	True	5.353233830845771
ENSG00000226791.6	False	True	True	True	True	1.5116772823779194
ENSG00000250303.3	True	True	True	True	True	1.5716343314452528
ENSG00000234380.1	False	True	True	True	True	3.4315514993481093
ENSG00000244558.5	True	True	True	True	True	1.8058659217877095
ENSG00000229017.6	False	True	True	True	True	1.5077019805092737
ENSG00000230910.2	False	True	True	True	True	4.428838951310861
ENSG00000227373.5	True	True	True	True	True	1.5357142857142858
ENSG00000226091.7	True	True	True	True	True	6.651315789473684
ENSG00000259974.2	False	True	True	True	True	1.7213947783423866
ENSG00000224843.6	True	True	True	True	True	11.844106463878326
ENSG00000227110.6	False	True	True	True	True	4.2958015267175576
ENSG00000229267.2	False	True	True	True	True	1.61711139347734
ENSG00000236671.7	True	True	True	True	True	1.2539503386004516
ENSG00000235033.7	False	True	True	True	True	8.660550458715596
ENSG00000236255.1	True	True	True	True	True	3.1921487603305785
ENSG00000228106.5	True	True	True	True	True	1.6761904761904762
ENSG00000232656.7	False	True	True	True	True	2.4229885057471265
ENSG00000226434.1	False	True	True	True	True	1.0329411764705883
ENSG00000233483.2	True	True	True	True	True	1.2996183290201329
ENSG00000227946.1	False	True	True	True	True	1.2188006482982172
ENSG00000228857.2	False	True	True	True	True	1.4820512820512821
ENSG00000226007.2	True	True	True	True	True	8.735408560311283
ENSG00000231889.7	True	True	True	True	True	3.8038194444444446
ENSG00000214870.8	False	True	True	True	True	1.8286290322580645
ENSG00000229388.1	False	True	True	True	True	1.1025641025641026
ENSG00000231683.6	False	True	True	True	True	1.7116483928404087
ENSG00000224957.5	False	True	True	True	True	1.741508601676224
ENSG00000223797.5	True	True	True	True	True	1.8791824247258775
ENSG00000273018.5	True	True	True	True	True	6.10180412371134
ENSG00000230102.7	False	True	True	True	True	6.157043879907621
ENSG00000245556.2	False	True	True	True	True	1.5
ENSG00000224397.5	True	True	True	True	True	2.517219787100814
ENSG00000238057.8	False	True	True	True	True	3.032110091743119
ENSG00000230333.6	False	True	True	True	True	3.7631292809214356
ENSG00000227906.7	False	True	True	True	True	8.714673913043478
ENSG00000231768.1	False	True	True	True	True	3.5527950310559007
ENSG00000228340.5	False	True	True	True	True	3.990234375
ENSG00000236673.5	False	True	True	True	True	3.8352745424292847
ENSG00000229852.2	True	True	True	True	True	3.1043397968605726
ENSG00000231028.8	False	True	True	True	True	3.9798488664987404
ENSG00000231711.2	False	True	True	True	True	1.7241189514846058
ENSG00000229153.5	True	True	True	True	True	10.367768595041323
ENSG00000228302.2	False	True	True	True	True	2.1824401368301025
ENSG00000230844.2	False	True	True	True	True	1.5112727272727273
ENSG00000240240.8	False	True	True	True	True	1.709155613070204
ENSG00000224165.5	True	True	True	True	True	11.082507739938084
ENSG00000283913.1	False	True	True	True	True	3.0576323987538943
ENSG00000228624.7	True	True	True	True	True	3.5492957746478875
ENSG00000224167.1	False	True	True	True	True	1.1979591836734693
ENSG00000237686.6	False	True	True	True	True	1.601147827801278
ENSG00000236922.9	False	True	True	True	True	2.106641123882503
ENSG00000214783.9	False	True	True	True	True	1.7381720430107528
ENSG00000232940.5	False	True	True	True	True	1.1740139211136893
ENSG00000234810.2	True	True	True	True	True	4.7167402003753685
ENSG00000230442.5	False	True	True	True	True	1.4585365853658536
ENSG00000228315.11	True	True	True	True	True	5.482758620689655
ENSG00000233723.7	False	True	True	True	True	5.807050092764379
ENSG00000249790.2	False	True	True	True	True	2.4375772558714464
ENSG00000236120.6	False	True	True	True	True	1.3694267515923566
ENSG00000221817.9	False	True	True	True	True	4.0704721634954195
ENSG00000232104.3	False	True	True	True	True	2.193548387096774
ENSG00000233901.5	True	True	True	True	True	1.3504276018873667
ENSG00000153363.12	True	True	True	True	True	1.7124726851661027
ENSG00000229931.1	False	True	True	True	False	1.2932790224032586
ENSG00000236088.9	True	True	True	True	True	3.875968992248062
ENSG00000231252.2	False	True	True	True	True	1.1650099403578529
ENSG00000233098.8	False	True	True	True	True	6.703237410071942
ENSG00000234452.5	False	True	True	True	True	1.0826727066817667
ENSG00000225439.2	True	True	True	True	True	1.3415964303420922
ENSG00000237036.4	False	True	True	True	True	7.821875
ENSG00000228801.5	False	True	True	True	True	1.929078014184397
ENSG00000232079.6	False	True	True	True	True	3.15
ENSG00000224259.6	True	True	True	True	True	1.3102725366876309
ENSG00000256546.1	False	True	True	True	True	1.1492921492921493
ENSG00000233766.7	False	True	True	True	True	2.304
ENSG00000233930.3	False	True	True	True	True	2.1280927027873475
ENSG00000237054.9	False	True	True	True	True	1.5962125839951131
ENSG00000237352.3	True	True	True	True	True	3.6258076102483763
ENSG00000234177.5	False	True	True	True	True	1.152462121212121
ENSG00000238113.6	True	True	True	True	True	9.162420382165605
ENSG00000232934.7	False	True	True	True	True	1.356624324445904
ENSG00000233922.2	False	True	True	True	True	8.186358099878197
ENSG00000237457.6	True	True	True	True	True	1.0541082164328657
ENSG00000185904.11	False	True	True	True	True	1.000221975582686
ENSG00000225975.6	False	True	True	True	True	1.481818181818182
ENSG00000233429.9	False	True	True	True	True	1.4304102976669348
ENSG00000230269.6	False	True	True	True	True	1.0245064669843431
ENSG00000225062.1	True	True	True	True	True	1.0510416666666667
ENSG00000205664.10	False	True	True	True	True	1.81496062992126
ENSG00000237356.5	False	True	True	True	True	1.3101851851851851
ENSG00000231107.1	False	True	True	True	True	1.1459276018099547
ENSG00000240291.1	True	True	True	True	True	1.5670731707317074
ENSG00000235016.1	False	True	True	True	True	1.6596385542168675
ENSG00000234323.6	True	True	True	True	True	3.1223337515683816
ENSG00000239636.1	False	True	True	True	True	1.5013215859030837
ENSG00000237149.5	False	True	True	True	True	1.7942435424354242
ENSG00000225032.5	False	True	True	True	True	1.595496894409938
ENSG00000228889.6	False	True	True	True	True	1.0831804281345565
ENSG00000223653.5	False	True	True	True	True	4.202586206896552
ENSG00000231427.5	False	True	True	True	True	1.1958762886597938
ENSG00000235527.6	True	True	True	True	True	3.1058571919350073
ENSG00000236333.3	False	True	True	True	True	1.6063125742406246
ENSG00000272780.5	False	True	True	True	True	1.2055507372072853
ENSG00000233554.5	False	True	True	True	True	1.2479644707623982
ENSG00000226328.6	True	True	True	True	True	1.8415138971023064
ENSG00000230454.1	False	True	True	True	True	6.104651162790698
ENSG00000239467.5	False	True	True	True	True	1.0810810810810811
ENSG00000225335.3	True	True	True	True	True	2.1105590062111803
ENSG00000239407.5	False	True	True	True	True	1.4414758269720103
ENSG00000228395.1	False	True	True	True	True	1.6782006920415224
ENSG00000234171.2	False	True	True	True	True	1.3084330078561413
ENSG00000237380.6	False	True	True	True	True	1.054368932255534
ENSG00000234362.5	False	True	True	True	True	1.0915542938254081
ENSG00000230943.1	False	True	True	True	True	1.4220183486238531
ENSG00000232995.7	False	True	True	True	True	2.510452961672474
ENSG00000230530.1	False	True	True	True	True	1.6083769633507854
ENSG00000236810.5	False	True	True	True	True	1.401174168297456
ENSG00000230623.4	False	True	True	True	True	5.5423197492163006
ENSG00000237742.6	False	True	True	True	True	1.4369918716748113
ENSG00000212694.8	True	True	True	True	True	1.6625555068140803
ENSG00000226833.5	False	True	True	True	True	1.1255813953488372
ENSG00000225177.5	False	True	True	True	True	1.3044096728307255
ENSG00000235478.4	False	True	True	True	True	1.1761761761761762
ENSG00000224592.5	False	True	True	True	True	1.0349040139616057
ENSG00000234608.7	True	True	True	True	True	2.022135214933043
ENSG00000229240.8	True	True	True	True	True	2.215477996965099
ENSG00000226824.6	False	True	True	False	True	1.6710526315789473
ENSG00000233818.1	False	True	True	True	True	1.1016949152542372
ENSG00000224905.6	False	True	True	True	True	1.7076923076923076
ENSG00000224596.7	True	True	True	True	True	3.5356265356265357
ENSG00000177788.5	False	True	True	True	True	2.7555555555555555
ENSG00000233221.6	False	True	True	True	True	2.218381775333857
ENSG00000227117.6	False	True	True	True	True	1.224988682661838
ENSG00000223403.3	False	True	True	True	True	3.555256064690027
ENSG00000224945.1	False	True	True	True	True	1.0034305317324186
ENSG00000228061.5	False	True	True	True	True	1.3171806167400881
ENSG00000230513.1	False	True	True	True	True	1.4097387173396674
ENSG00000225339.3	False	True	True	True	True	24.362068965517242
ENSG00000231764.8	False	True	True	True	True	2.4322634266038707
ENSG00000224790.2	False	False	True	False	True	1.665648854961832
ENSG00000228016.1	False	True	True	True	True	7.237871674491393
ENSG00000231187.2	True	True	True	True	True	1.209764918625678
ENSG00000236790.5	False	True	True	True	True	4.361266294227188
ENSG00000236871.7	False	True	True	True	True	1.0393258426966292
ENSG00000239415.1	False	True	True	True	True	1.4918518518518518
ENSG00000231064.7	True	True	True	True	True	1.6394316163410303
ENSG00000223382.4	False	True	True	True	True	1.5284653465346534
ENSG00000227811.2	False	True	True	True	True	1.4646048109965635
ENSG00000277147.4	True	True	True	True	True	2.115420171044407
ENSG00000229647.1	False	True	True	True	True	1.2084367245657568
ENSG00000227544.8	False	True	True	True	True	1.7076421800947867
ENSG00000227128.4	False	True	True	True	True	6.107655502392345
ENSG00000225706.1	False	True	True	True	True	1.1744604316546763
ENSG00000230606.10	False	True	True	True	True	1.3881909547738693
ENSG00000231298.6	False	True	True	True	True	1.7060407849172758
ENSG00000237499.6	False	True	True	True	True	2.1880119027765215
ENSG00000232044.6	False	True	True	True	True	1.8762559402868118
ENSG00000226251.5	False	True	True	True	True	1.0741839762611276
ENSG00000236740.6	False	True	True	True	True	5.445614035087719
ENSG00000230615.6	True	True	True	True	True	2.667147617072447
ENSG00000254929.6	False	True	True	True	True	1.2844480257856568
ENSG00000232485.2	False	True	True	True	True	1.46484375
ENSG00000227388.2	False	True	True	True	True	1.1567796610169492
ENSG00000234506.5	False	True	True	True	True	1.232248520710059
ENSG00000228412.7	True	True	True	True	True	5.188172043010753
ENSG00000228701.1	False	True	True	True	True	1.6153846153846154
ENSG00000204685.6	False	True	True	True	True	1.3724083107674185
ENSG00000228791.7	False	True	True	True	True	1.7542836589279582
ENSG00000235026.5	False	True	True	True	True	1.1335403726708075
ENSG00000233334.3	False	True	True	True	True	3.0584614999854987
ENSG00000233251.7	False	True	True	True	True	1.5287098978050355
ENSG00000230368.2	False	True	True	True	True	1.5638251839030723
ENSG00000235437.7	True	True	True	True	True	2.5587891615062097
ENSG00000230461.8	False	True	True	True	True	7.859701492537313
ENSG00000228065.10	False	True	True	True	True	2.1364180295173516
ENSG00000249700.8	True	True	True	True	True	2.6938558597924853
ENSG00000248275.1	True	True	True	True	True	1.1402906522785548
ENSG00000229743.2	False	True	True	True	True	4.879853479853479
ENSG00000224046.1	True	True	True	True	True	2.028768852788988
ENSG00000271860.6	False	True	True	True	True	2.624338624338624
ENSG00000234840.1	False	True	True	True	True	1.7567365269461077
ENSG00000228436.2	True	True	True	True	True	1.4566473988439306
ENSG00000233038.5	True	True	True	True	True	3.8617594254937164
ENSG00000225302.2	False	True	True	True	True	1.9367213763100652
ENSG00000231574.5	False	True	True	True	True	5.089500860585198
ENSG00000230084.5	False	True	True	True	True	1.5661605206073752
ENSG00000227060.6	False	True	True	True	True	1.1657458563535912
ENSG00000233532.5	False	True	True	True	True	1.1874665238350295
ENSG00000227115.7	False	True	True	True	True	1.5294206755050617
ENSG00000223891.5	True	True	True	True	True	2.1323741007194243
ENSG00000233005.1	True	True	True	True	True	1.0327868852459017
ENSG00000237595.3	False	True	True	True	True	1.8188585607940446
ENSG00000230148.8	False	True	True	True	True	1.3944636678200693
ENSG00000235706.7	True	True	True	True	True	2.2977250267316442
ENSG00000230337.1	False	True	True	True	True	1.106818181818182
ENSG00000203709.11	False	True	True	True	True	3.017683686176837
ENSG00000233593.8	True	True	True	True	True	3.3569407174923014
ENSG00000225434.2	False	True	True	True	True	3.5340136054421767
ENSG00000236008.1	False	True	True	True	True	1.9351943076081006
ENSG00000229797.1	False	True	True	True	True	1.3447619047619048
ENSG00000227403.1	False	True	True	True	True	1.5061329890251776
ENSG00000175772.10	False	True	True	True	True	1.088680926916221
ENSG00000232628.5	True	True	True	True	True	1.8077803203661327
ENSG00000234336.6	True	True	True	True	True	6.7226277372262775
ENSG00000236939.2	False	True	True	True	True	1.178147268408551
ENSG00000231160.9	True	True	True	True	True	3.688473520249221
ENSG00000229124.6	False	True	True	True	True	1.1908329660643455
ENSG00000231769.2	False	True	True	True	True	1.2452830188679245
ENSG00000229896.2	False	True	True	True	True	1.235618597320725
ENSG00000233058.1	True	True	True	True	True	6.39618138424821
ENSG00000230487.7	True	True	False	True	True	2.77555988315482
ENSG00000236208.1	False	True	True	True	True	1.17016317016317
ENSG00000230490.2	False	True	True	True	True	2.5126760563380284
ENSG00000249307.5	False	True	True	True	True	1.8220973782771535
ENSG00000203706.8	False	True	True	True	True	1.2589595375722544
ENSG00000180139.11	False	True	True	True	True	3.215223097112861
ENSG00000231212.1	False	True	True	True	True	1.096969696969697
ENSG00000230725.5	False	True	True	True	True	1.7425742574257426
ENSG00000231437.3	False	True	True	True	True	1.517684887459807
ENSG00000223812.5	False	True	True	True	True	1.2917562724014338
ENSG00000235501.5	False	True	True	True	True	1.348919589089621
ENSG00000225793.2	False	True	True	True	True	2.056179775280899
ENSG00000234665.8	False	True	True	True	True	1.6452464788732395
ENSG00000226686.7	True	True	True	True	True	3.0723327305605785
ENSG00000228127.2	False	True	True	True	True	1.1635514018691588
ENSG00000228221.5	True	True	True	True	True	1.1601895734597156
ENSG00000236039.2	True	True	True	True	True	3.768041237113402
ENSG00000237813.3	True	True	True	True	True	1.359922178988327
ENSG00000224914.3	False	True	True	True	True	1.186856841371669
ENSG00000223485.2	True	True	True	True	True	1.0499219968798752
ENSG00000227071.1	False	True	True	True	True	1.6543778801843319
ENSG00000238197.5	True	True	True	True	True	1.5211571675302245
ENSG00000225595.2	False	True	True	True	True	1.6288933068257123
ENSG00000237188.3	True	False	True	False	True	1.8658536585365857
ENSG00000233705.6	True	True	True	True	True	8.402625820568927
ENSG00000231908.1	False	True	True	True	True	1.0538793103448276
ENSG00000274020.2	True	True	True	True	True	4.165725047080979
ENSG00000241764.3	False	True	True	True	False	1.0591080064481462
ENSG00000226403.1	False	True	True	True	True	1.223433242506812
ENSG00000236947.5	False	True	True	True	True	1.2906309751434035
ENSG00000232406.6	False	True	True	True	True	1.699276502044668
ENSG00000235513.1	False	True	True	True	True	1.524390243902439
ENSG00000250608.1	False	True	True	True	True	1.6713113189539988
ENSG00000227039.6	False	True	True	True	True	1.6512301013024602
ENSG00000227591.5	True	True	True	True	True	1.178477690288714
ENSG00000227053.1	True	True	True	True	True	1.0840053767149693
ENSG00000277631.4	False	True	True	True	True	1.5830324909747293
ENSG00000232645.5	True	True	True	True	True	1.13215859030837
ENSG00000234350.4	False	True	True	True	True	3.6178451178451176
ENSG00000226200.6	False	False	False	False	True	1.8606046965263712
ENSG00000228651.1	False	True	True	True	True	1.4634146341463414
ENSG00000225855.6	True	True	True	True	True	2.703976435935199
ENSG00000225489.6	False	True	True	True	True	4.264830508474576
ENSG00000232977.6	False	True	True	True	True	1.595565749235474
ENSG00000228863.8	False	True	True	True	True	1.4509415262636274
ENSG00000228408.6	False	True	True	True	True	4.706008583690987
ENSG00000267532.5	True	True	True	True	True	2.9922077922077923
ENSG00000224699.8	True	True	True	True	True	2.0741150371211736
ENSG00000272168.6	True	True	True	True	True	3.4635093167701863
ENSG00000237372.2	True	True	True	True	True	2.6313868613138687
ENSG00000223414.2	False	True	True	True	True	2.7719298245614037
ENSG00000227258.5	True	True	True	True	True	4.210420841683367
ENSG00000236144.6	False	True	True	True	True	5.603151862464183
ENSG00000224318.5	False	True	True	True	True	1.264808362369338
ENSG00000244041.7	True	True	True	True	True	1.7870311506675143
ENSG00000228393.3	True	True	True	True	True	1.275092936802974
ENSG00000237943.6	False	True	True	True	True	2.691211401425178
ENSG00000229619.3	False	True	True	True	True	1.7370087048272225
ENSG00000225778.5	False	True	True	True	True	6.623157894736842
ENSG00000237310.1	False	True	True	True	True	1.0865191146881288
ENSG00000234684.6	False	False	False	False	False	3.8467023172905526
ENSG00000233184.6	False	True	True	True	True	1.5117891816920943
ENSG00000233178.7	False	True	True	True	True	4.226984126984127
ENSG00000237512.6	True	True	True	True	True	1.3707627118644068
ENSG00000215481.9	False	True	True	True	True	1.4270323212536729
ENSG00000145063.14	True	True	True	True	True	1.4749498997995991
ENSG00000234520.5	False	True	True	True	True	1.113452188006483
ENSG00000232671.5	False	True	True	True	True	2.026058631921824
ENSG00000231133.6	False	True	True	True	True	1.0736968244457759
ENSG00000163597.14	True	True	True	True	True	1.3465729667235284
ENSG00000281398.2	False	True	True	True	True	1.4282765737874097
ENSG00000233527.8	True	True	True	True	True	1.5254576500299744
ENSG00000229425.2	True	True	True	True	True	4.265907904992294
ENSG00000235978.6	True	True	True	True	True	1.362121212121212
ENSG00000231113.2	False	True	True	True	True	1.4491899852724595
ENSG00000227954.6	True	True	True	True	True	8.565693377370353
ENSG00000225792.1	False	True	True	True	True	1.202755905511811
ENSG00000227165.7	False	True	True	True	True	4.789272030651341
ENSG00000229116.2	False	True	True	True	True	1.3680904522613064
ENSG00000235652.7	False	True	True	True	True	9.168981481481481
ENSG00000232354.8	False	True	True	True	True	3.727272727272727
ENSG00000234949.2	False	True	True	True	True	2.2088285229202036
ENSG00000235919.4	False	True	True	True	True	1.001100110011001
ENSG00000233396.7	True	True	True	True	True	2.3447488584474887
ENSG00000227634.2	False	True	True	True	True	1.2864321608040201
ENSG00000225791.6	False	True	True	True	True	1.764748201438849
ENSG00000270604.5	False	True	True	True	True	2.0914285714285716
ENSG00000227036.6	True	True	True	True	True	6.380281690140845
ENSG00000237938.5	False	True	True	True	True	1.1705426356589148
ENSG00000233006.6	True	True	True	True	True	2.3321975855319756
ENSG00000225963.7	False	True	True	True	True	1.5142302716688227
ENSG00000231731.7	False	True	True	True	True	1.6264090177133654
ENSG00000233672.6	False	True	True	True	True	3.670967741935484
ENSG00000225361.3	False	True	True	True	True	7.050724637681159
ENSG00000240350.2	False	True	True	True	True	3.1673640167364017
ENSG00000227455.2	False	True	True	True	True	1.8516221374045803
ENSG00000235979.8	True	True	True	True	True	2.0742630148855024
ENSG00000227354.6	False	False	True	False	True	1.7127433012726205
ENSG00000231856.2	False	True	True	True	True	1.344077966720368
ENSG00000228812.7	False	True	True	True	True	1.4024390243902438
ENSG00000250903.8	False	True	True	True	True	8.159554730983302
ENSG00000213904.8	True	True	True	True	True	4.202896442033542
ENSG00000235560.3	False	True	True	True	True	1.3154301469030092
ENSG00000180539.7	False	True	True	True	True	1.7548795498505363
ENSG00000235531.9	True	True	True	True	True	8.70103092783505
ENSG00000225655.5	True	True	True	True	True	1.2705223880597014
ENSG00000228775.7	False	False	False	False	True	3.3761194029850747
ENSG00000240086.5	False	True	True	True	True	1.4715302491103204
ENSG00000271147.7	True	True	True	True	True	2.2767967145790555
ENSG00000175061.17	True	True	True	True	True	1.2401341514981434
ENSG00000243176.5	True	True	True	True	True	1.126819126819127
ENSG00000241684.5	False	True	True	True	True	2.6824127906976742
ENSG00000204934.10	False	True	True	True	True	1.0126021798365124
ENSG00000242808.7	False	True	True	True	True	6.318021201413427
ENSG00000197989.13	True	True	True	True	True	1.5452661892398518
ENSG00000239213.5	False	True	True	True	True	1.360425370300038
ENSG00000239445.5	False	True	True	True	True	1.1894818252126838
ENSG00000267272.5	True	True	True	True	True	5.962230215827338
ENSG00000244479.6	False	True	True	True	True	1.9348591750746693
ENSG00000241163.7	True	True	True	True	True	4.606617663982781
ENSG00000241472.6	False	True	True	True	True	7.559659090909091
ENSG00000242474.2	False	True	True	True	True	1.4772277227722772
ENSG00000242516.1	False	True	True	True	True	1.5948987246811703
ENSG00000239523.5	False	True	True	True	True	1.2947189097103917
ENSG00000243926.1	False	True	True	True	True	1.3076341647770218
ENSG00000242428.5	False	True	True	True	True	3.919928825622776
ENSG00000240137.5	False	True	True	True	True	1.5589958158995816
ENSG00000244300.2	False	True	True	True	True	1.3670228125902397
ENSG00000227733.9	True	True	True	True	True	5.366037735849057
ENSG00000241316.6	False	True	True	True	True	2.582366589327146
ENSG00000240207.6	False	True	True	True	True	3.241839762611276
ENSG00000241860.6	False	True	True	True	True	2.794307891332471
ENSG00000271554.1	False	True	True	True	True	1.0490463215258856
ENSG00000243836.5	False	True	True	True	True	1.0917958979489744
ENSG00000243701.5	True	True	True	True	True	3.7086720867208673
ENSG00000239922.1	True	True	True	True	True	6.058962264150943
ENSG00000242242.5	False	True	True	True	True	2.1758241758241756
ENSG00000240005.5	True	False	True	True	False	1.6338983050847458
ENSG00000282057.1	False	True	True	True	True	5.967391304347826
ENSG00000243069.7	True	True	True	True	True	4.366386554621848
ENSG00000241135.5	True	True	True	True	True	1.2162993336750383
ENSG00000239332.5	False	True	True	True	True	1.7811725846407926
ENSG00000206573.8	True	True	True	True	True	1.8088262798156827
ENSG00000242686.4	False	True	True	True	True	5.158150851581508
ENSG00000241288.7	True	True	False	True	True	4.636179699771537
ENSG00000242622.1	False	True	True	True	True	1.801834862385321
ENSG00000243083.5	True	True	True	True	True	5.073951950983505
ENSG00000272030.1	False	True	True	True	True	1.5054347826086956
ENSG00000196668.3	False	True	True	True	True	5.085987261146497
ENSG00000244128.5	False	True	True	True	True	1.247335701598579
ENSG00000241158.5	True	True	True	True	True	5.6745283018867925
ENSG00000240859.1	False	True	True	True	True	2.3170882171499074
ENSG00000256124.5	False	True	True	True	True	2.2664695945945943
ENSG00000240875.5	False	True	True	True	True	5.840989399293286
ENSG00000242759.6	True	True	True	True	True	4.777920866976544
ENSG00000269609.5	False	True	True	True	True	2.2266263237518915
ENSG00000257524.5	False	False	True	False	True	2.3081896551724137
ENSG00000251396.6	False	True	True	True	True	5.167019027484144
ENSG00000241570.8	True	True	True	True	True	1.1897587052989933
ENSG00000239677.6	False	True	True	True	True	1.567699836867863
ENSG00000240990.9	False	True	True	True	True	1.1613683926630713
ENSG00000276850.4	False	True	True	True	True	3.957885482904966
ENSG00000244513.6	False	True	False	True	True	1.5306284805091488
ENSG00000239381.6	False	True	True	True	True	1.4038245219347583
ENSG00000270164.1	False	True	True	True	True	4.200488997555012
ENSG00000284048.1	False	False	True	False	True	1.5695876538090914
ENSG00000242593.5	False	True	True	True	True	9.817767653758542
ENSG00000261606.5	False	True	True	True	True	1.1732749178532311
ENSG00000238755.3	False	True	True	True	True	2.4113300492610836
ENSG00000243193.4	False	True	True	True	True	1.8690807799442897
ENSG00000247828.7	True	True	True	True	True	1.175849805711706
ENSG00000246273.6	True	True	True	True	True	2.138637062784952
ENSG00000248049.6	True	True	True	True	False	1.941561531886404
ENSG00000245750.7	False	True	True	True	True	1.684863523573201
ENSG00000245248.7	False	True	True	True	True	3.6081277213352685
ENSG00000246223.8	True	True	True	True	True	2.881455399061033
ENSG00000245573.7	False	True	True	True	True	2.3884892086330933
ENSG00000245293.2	False	True	True	True	True	2.7021943573667713
ENSG00000246985.7	False	True	True	True	True	5.380258899676376
ENSG00000245498.6	True	True	True	True	True	1.0336676217765044
ENSG00000246090.6	False	True	True	True	True	7.277526395173454
ENSG00000245146.6	True	True	True	True	True	5.007233273056058
ENSG00000247240.7	False	True	True	True	True	1.3301716350496837
ENSG00000245468.3	False	True	True	True	True	6.243150684931507
ENSG00000247157.6	False	True	True	True	True	7.93304535637149
ENSG00000247193.2	False	True	True	True	True	1.3883029721955897
ENSG00000245213.6	True	True	True	True	True	3.433389544688027
ENSG00000244879.6	True	True	True	True	True	1.4351832136193543
ENSG00000245937.7	True	True	True	True	True	2.5570074161938443
ENSG00000247950.6	False	True	True	True	True	1.7651403249630724
ENSG00000245149.3	True	True	True	True	True	3.199773627617431
ENSG00000246430.6	False	True	True	True	True	4.195035460992908
ENSG00000247708.7	False	True	True	True	True	4.790880573769078
ENSG00000247796.2	False	True	True	True	True	1.884536974566473
ENSG00000247400.3	False	True	True	True	True	1.7576307041402237
ENSG00000246523.7	False	True	True	True	True	1.251310909323443
ENSG00000247081.7	True	True	True	True	True	2.7741637831603225
ENSG00000245281.6	True	True	True	True	True	2.3325942350332594
ENSG00000246982.6	False	True	True	True	True	2.0954003407155026
ENSG00000245812.2	False	True	True	True	True	4.690140845070423
ENSG00000246263.2	False	True	True	True	True	2.56
ENSG00000246731.2	False	True	True	True	True	2.069793103448276
ENSG00000245904.3	True	True	True	True	True	8.871147994784753
ENSG00000245532.7	True	True	True	True	True	1.0273308124354024
ENSG00000246100.3	False	True	True	True	True	5.747404844290657
ENSG00000245888.6	False	True	True	True	True	7.720238095238095
ENSG00000245849.6	False	True	True	True	True	1.6030640668523677
ENSG00000247287.2	True	True	True	True	True	2.630225080385852
ENSG00000246695.7	False	True	True	True	True	2.8414176847707755
ENSG00000246174.7	False	True	True	True	True	1.9659340659340658
ENSG00000246089.3	True	True	True	True	True	2.141082528352669
ENSG00000247572.7	True	True	True	True	True	3.899334442595674
ENSG00000246889.2	False	True	True	True	True	6.637755102040816
ENSG00000246022.2	False	True	True	True	True	1.0192982456140351
ENSG00000247774.6	False	True	True	True	True	6.947075208913649
ENSG00000247092.6	True	True	True	True	True	3.742119089476799
ENSG00000247095.2	True	True	True	True	True	2.0646178092986602
ENSG00000245614.3	False	True	True	True	True	4.111336032388664
ENSG00000247416.2	False	True	True	True	True	3.4169611307420493
ENSG00000247137.8	True	True	True	True	True	3.640724417171422
ENSG00000245598.6	False	True	True	True	True	3.42257217847769
ENSG00000244968.6	False	True	True	True	True	1.9569468267581476
ENSG00000248019.2	False	True	True	True	True	1.3086017121891562
ENSG00000247134.6	False	True	True	True	True	1.0175561797752808
ENSG00000246582.2	False	True	True	True	True	3.117088607594937
ENSG00000247556.6	True	True	True	True	True	1.2809477679003747
ENSG00000246067.7	True	True	True	True	True	1.3795339215475084
ENSG00000247271.6	True	True	True	True	False	1.4235711120957022
ENSG00000246528.3	True	True	True	True	True	2.91415313225058
ENSG00000248079.2	False	True	True	True	True	3.9918918918918918
ENSG00000245694.9	True	True	True	True	True	4.2621876280213025
ENSG00000246339.5	False	True	True	True	True	4.732051282051282
ENSG00000246379.6	False	True	True	True	True	3.015765765765766
ENSG00000245275.7	False	True	True	True	True	2.6237373737373737
ENSG00000247121.6	False	True	True	True	True	2.4616228070175437
ENSG00000245552.6	False	True	True	True	True	2.7896871428155645
ENSG00000214432.9	False	True	True	True	True	3.8348134991119007
ENSG00000246662.6	False	True	True	True	True	2.4227848101265823
ENSG00000245017.2	False	True	True	True	True	5.906148867313916
ENSG00000247982.6	False	True	True	True	True	1.7210884353741496
ENSG00000245571.6	False	True	True	True	True	4.089147286821706
ENSG00000245685.6	False	True	True	True	True	1.8936170212765957
ENSG00000245060.6	False	True	True	True	True	1.3250739998090326
ENSG00000247516.6	False	True	True	True	True	1.8330503678551218
ENSG00000247675.6	False	True	True	True	True	1.5287277701778386
ENSG00000245025.2	False	True	True	True	True	4.129511677282378
ENSG00000247809.7	True	True	True	True	True	4.1239316239316235
ENSG00000247317.3	True	True	True	True	True	1.673254281949934
ENSG00000250320.5	False	True	True	True	True	2.9886792452830186
ENSG00000245526.10	True	True	True	True	True	3.057149901380671
ENSG00000237125.8	True	True	True	True	True	7.045054945054945
ENSG00000178722.12	False	True	True	True	True	2.2205606541761838
ENSG00000250365.6	False	True	True	True	True	2.8275058275058274
ENSG00000250802.6	True	True	True	True	True	3.2960151802656545
ENSG00000249267.6	False	True	True	True	True	1.7637460092231287
ENSG00000251372.5	False	True	True	True	True	1.0229276895943562
ENSG00000249328.2	True	True	True	True	True	4.269076305220883
ENSG00000248714.6	False	True	True	True	True	1.9769736842105263
ENSG00000248161.5	True	True	True	True	True	1.2326007326007327
ENSG00000248890.1	False	True	True	True	True	1.0989452536413862
ENSG00000250938.5	False	True	True	True	True	1.8898865784499055
ENSG00000249364.5	False	True	True	True	True	2.793536804308797
ENSG00000237187.8	True	True	True	True	True	5.827586206896552
ENSG00000248174.5	False	True	True	True	True	2.228187919463087
ENSG00000251141.5	True	True	True	True	True	3.522727272727273
ENSG00000249592.5	False	True	True	True	True	1.1638418079096045
ENSG00000251442.5	False	True	True	True	True	2.5507584597432906
ENSG00000248587.7	False	True	True	True	True	2.02492046659597
ENSG00000250999.1	False	True	True	True	True	1.4923076923076923
ENSG00000250041.2	True	True	True	True	True	1.2923433874709978
ENSG00000248092.7	True	True	True	True	True	2.804945032517213
ENSG00000250007.6	False	True	True	True	True	1.6452488687782805
ENSG00000250328.5	True	True	True	True	True	2.250896061847675
ENSG00000250132.6	True	True	True	True	True	6.354689564068693
ENSG00000248429.5	False	True	True	True	True	3.8280839895013123
ENSG00000251022.6	False	True	True	True	True	1.4169250769442405
ENSG00000249673.6	True	True	True	True	True	2.298303066388806
ENSG00000249509.1	False	True	True	True	True	1.4360587002096437
ENSG00000251136.8	False	True	True	True	True	4.032488989199507
ENSG00000251364.6	True	True	True	True	True	9.68608881240094
ENSG00000248508.6	True	True	True	True	True	2.7281289272868934
ENSG00000249042.5	True	True	True	True	True	1.3751493428912784
ENSG00000251602.6	False	True	True	True	True	1.2232957595276437
ENSG00000249306.5	True	True	True	True	True	2.724675324675325
ENSG00000249816.6	False	True	True	True	True	4.227848101265823
ENSG00000249859.9	True	True	True	True	True	3.835214446952596
ENSG00000249846.6	False	True	True	True	True	1.4772622875516765
ENSG00000248858.7	False	True	True	True	True	1.5839704069050553
ENSG00000152931.7	True	True	True	True	True	2.259820866627163
ENSG00000250073.2	True	True	True	True	True	2.202064896755162
ENSG00000251432.6	True	True	True	True	True	6.890410958904109
ENSG00000248360.7	False	True	True	True	True	2.691631859426761
ENSG00000251165.5	True	True	True	True	True	1.3504019053289669
ENSG00000251450.1	False	True	True	True	True	1.2429906542056075
ENSG00000249669.9	True	True	True	True	True	2.523876820196997
ENSG00000250241.5	False	True	True	True	True	2.179289026275116
ENSG00000196810.4	True	True	False	True	True	2.3347653668208856
ENSG00000250056.5	True	True	True	True	True	1.3657219973009447
ENSG00000250451.5	True	True	True	True	True	1.307875894988067
ENSG00000249203.1	False	True	True	True	True	1.0834879406307978
ENSG00000250208.6	False	True	True	True	True	14.687319884726225
ENSG00000248455.5	False	True	True	True	True	2.320945945945946
ENSG00000249487.6	True	True	True	True	True	2.488728676667051
ENSG00000249740.2	True	True	True	True	True	1.1074918566775245
ENSG00000249173.5	False	True	True	True	True	1.0247844827586208
ENSG00000249249.1	False	True	True	True	True	1.4192949907235621
ENSG00000248810.1	False	True	True	True	True	4.795608108108108
ENSG00000250198.1	False	True	True	True	True	2.6805555555555554
ENSG00000250891.1	False	True	True	True	True	3.903899721448468
ENSG00000250846.6	False	True	True	True	True	2.7890995260663507
ENSG00000250326.1	False	True	True	True	True	1.310880829015544
ENSG00000281501.1	True	True	True	True	True	3.3304712600756274
ENSG00000250012.1	False	True	True	True	True	1.1788990825688073
ENSG00000251661.3	False	True	True	True	True	1.3535868286946295
ENSG00000249464.5	True	True	True	True	True	8.221875003694539
ENSG00000250786.1	False	True	True	True	True	2.1365795724465557
ENSG00000250159.6	True	True	True	True	True	1.388149939540508
ENSG00000248668.2	False	True	True	True	True	1.5524663677130044
ENSG00000250978.5	False	True	True	True	True	1.1531986531986531
ENSG00000248309.7	True	True	True	True	True	3.579458133304374
ENSG00000250742.2	False	True	True	True	True	1.0103321033210333
ENSG00000248441.6	False	True	True	True	True	3.7322175732217575
ENSG00000250548.6	True	True	True	True	True	10.857446808510637
ENSG00000251562.7	True	True	True	True	True	1.0034302606979217
ENSG00000250222.1	True	True	True	True	True	1.1810192990316155
ENSG00000248671.7	True	True	True	True	True	1.3754764930114358
ENSG00000248636.6	False	True	True	True	True	1.404040404040404
ENSG00000251151.2	False	True	True	True	True	5.1706517092466795
ENSG00000249532.5	False	True	True	True	True	1.855072463768116
ENSG00000251257.2	False	True	True	True	True	1.1795252225519288
ENSG00000251230.5	False	True	True	True	True	1.265625
ENSG00000250934.1	False	True	True	True	True	1.1208053691275168
ENSG00000251637.6	True	True	True	True	True	5.645
ENSG00000248994.1	False	True	True	True	True	1.4653061224489796
ENSG00000248738.6	False	True	True	True	True	1.742979105818917
ENSG00000248323.5	False	True	True	True	True	3.2270531400966185
ENSG00000248801.6	False	True	True	True	True	1.6623376623376624
ENSG00000196951.10	True	True	True	True	True	3.0748095061854706
ENSG00000251580.1	False	True	True	True	True	1.0193236714975846
ENSG00000251002.7	False	True	True	True	True	4.645238095238096
ENSG00000249738.8	True	True	True	True	True	6.572784810126582
ENSG00000249898.7	True	True	True	True	True	3.9539594843462247
ENSG00000253320.5	True	True	True	True	True	1.2896825687875575
ENSG00000253716.5	True	True	True	True	True	1.4473057544809103
ENSG00000253773.2	False	True	True	True	True	1.3530701754385965
ENSG00000254109.5	False	True	True	True	True	1.3673740053050398
ENSG00000253552.7	True	True	True	True	True	3.90302066772655
ENSG00000253230.8	False	True	True	True	True	4.592489128915554
ENSG00000253764.1	False	True	True	True	True	1.2516853932584269
ENSG00000253549.5	False	True	True	True	True	1.2400000083511074
ENSG00000253686.1	False	True	True	True	True	4.356088548612617
ENSG00000253426.5	False	True	True	True	True	1.9299065420560748
ENSG00000167912.5	True	True	True	True	True	1.2490118577075098
ENSG00000253210.1	False	True	True	True	True	1.0455486542443064
ENSG00000253982.1	True	True	True	True	True	1.323962755329993
ENSG00000253661.1	True	True	True	True	True	2.3698060941828256
ENSG00000273345.5	True	True	True	True	True	1.611829944547135
ENSG00000254235.5	True	True	True	True	True	4.265179677819083
ENSG00000253123.3	False	True	True	True	True	5.1781206171108
ENSG00000204758.7	False	True	True	True	True	2.7305151915455745
ENSG00000253352.8	True	True	True	True	True	2.66854824484036
ENSG00000253214.1	False	True	True	True	True	1.5708812260536398
ENSG00000253633.1	False	True	True	True	True	1.125
ENSG00000253187.2	True	True	True	True	True	2.468599038509644
ENSG00000253807.5	True	True	True	True	True	1.231060606060606
ENSG00000253161.5	True	True	True	True	True	1.4911323328785813
ENSG00000253671.1	False	True	True	True	True	1.1169415292353824
ENSG00000254211.5	False	True	True	True	True	1.0848056537102473
ENSG00000245910.8	True	True	True	True	True	1.1947667638444206
ENSG00000253389.2	False	True	True	True	True	1.929078014184397
ENSG00000254343.2	False	True	True	True	True	1.0653061224489795
ENSG00000253559.1	False	True	True	True	True	1.1161417322834646
ENSG00000254377.5	False	True	True	True	True	2.277465918203689
ENSG00000253177.1	False	True	True	True	True	3.814977973568282
ENSG00000254231.1	False	True	True	True	True	1.4483430799220274
ENSG00000254615.2	True	True	True	True	True	1.3504098360655739
ENSG00000253642.5	False	True	True	True	True	1.0637720488466758
ENSG00000253738.1	True	True	True	True	True	1.7040908303409739
ENSG00000253842.1	False	True	True	True	True	1.1036269430051813
ENSG00000254363.6	False	True	True	True	True	1.8215488215488216
ENSG00000253877.5	False	True	True	True	True	1.0264423076624543
ENSG00000255248.7	True	True	True	True	True	5.6284246575342465
ENSG00000254427.1	False	True	True	True	True	2.4155124653739612
ENSG00000255328.1	False	True	True	True	True	1.8096280087527352
ENSG00000255062.1	True	True	True	True	True	1.1561327376832622
ENSG00000255026.1	False	True	True	True	True	1.1364590622813155
ENSG00000254560.5	False	True	True	True	True	1.5817409766454353
ENSG00000196696.12	False	True	True	True	True	2.0878243512974053
ENSG00000254860.5	False	True	True	True	True	1.5402242808386153
ENSG00000177112.7	True	True	True	True	True	1.4122657580919933
ENSG00000254489.1	False	True	True	True	True	1.2323462414578588
ENSG00000255284.1	True	True	True	True	True	1.2894105054685623
ENSG00000255435.6	False	True	True	True	True	2.4743589743589745
ENSG00000254510.1	False	True	True	True	True	1.5472138054449323
ENSG00000255121.2	False	True	True	True	True	2.45750452079566
ENSG00000255129.5	False	True	True	True	True	1.437137330754352
ENSG00000254614.2	False	True	True	True	True	3.4842767295597485
ENSG00000230724.9	True	True	True	True	True	3.7379209370424595
ENSG00000255458.5	False	True	True	True	False	1.5742971887550201
ENSG00000255031.5	False	True	True	True	True	1.3323975294778216
ENSG00000255182.2	False	True	True	True	True	1.9686593151479976
ENSG00000255517.6	False	True	True	True	True	1.246431205586011
ENSG00000254815.5	False	True	True	True	True	4.193548387096774
ENSG00000255197.5	True	True	True	True	True	1.5035335689045937
ENSG00000254531.1	False	True	True	True	True	1.2824675324675325
ENSG00000204241.7	False	True	True	True	True	3.1026722925457104
ENSG00000254635.5	False	True	True	True	True	1.0175265983433175
ENSG00000254602.1	False	True	True	True	True	1.6621983914209115
ENSG00000255545.7	False	True	True	True	True	3.1633380884450784
ENSG00000255399.3	False	True	True	True	True	2.3472199708218513
ENSG00000260669.2	False	True	True	True	True	1.0017126544008559
ENSG00000283341.1	False	True	True	True	True	1.752532165343553
ENSG00000215374.5	False	True	True	True	True	1.8365921787709498
ENSG00000254990.5	False	True	True	True	True	1.3006644518272426
ENSG00000255234.5	False	True	True	True	True	1.7073643410852712
ENSG00000255135.3	False	True	True	True	True	1.1950771886014266
ENSG00000255139.1	False	True	True	True	False	1.365909090909091
ENSG00000255198.4	True	True	True	True	True	1.1730490439947086
ENSG00000255468.6	True	True	True	True	True	2.664335664335664
ENSG00000175773.12	False	False	False	False	True	5.342424242424243
ENSG00000258604.1	True	True	True	True	True	1.019189765458422
ENSG00000255363.2	False	True	True	True	True	1.6748320821809561
ENSG00000225138.7	False	True	True	True	True	2.4804669959586887
ENSG00000256116.1	False	True	True	True	True	4.066079295154185
ENSG00000256001.1	False	True	True	True	True	2.0867768595041323
ENSG00000255693.1	False	True	True	True	True	1.728491347794297
ENSG00000255717.6	False	True	True	True	True	2.0886498094032055
ENSG00000255857.5	True	True	True	True	True	1.3066027090076981
ENSG00000255650.5	False	True	True	True	True	1.2267605633802816
ENSG00000255571.8	True	True	True	True	True	3.5884340968832142
ENSG00000256802.2	False	True	True	True	True	1.7210884353741496
ENSG00000256540.1	False	True	True	True	True	1.0240847784200386
ENSG00000256967.1	False	True	True	True	True	1.019047619047619
ENSG00000256654.3	False	True	True	True	True	1.8763348052701672
ENSG00000256940.1	True	True	True	True	True	1.0930016277002133
ENSG00000256508.2	False	True	True	True	True	2.800751879699248
ENSG00000256422.5	False	True	True	True	True	1.0364444444444445
ENSG00000256008.2	True	True	True	True	True	1.343481138318994
ENSG00000256092.2	False	True	True	True	True	2.5531914893617023
ENSG00000250988.7	True	True	True	True	True	1.1606638012770232
ENSG00000255772.5	False	True	True	True	True	1.1463963963963963
ENSG00000257337.6	True	True	True	True	True	3.342716779936322
ENSG00000257698.1	False	True	True	True	True	1.0983291041188834
ENSG00000257556.1	False	True	True	True	True	2.7890173410404624
ENSG00000257242.7	True	True	True	True	True	4.921875
ENSG00000257135.5	False	True	True	True	True	2.372950819672131
ENSG00000258017.1	False	True	True	True	True	2.115987460815047
ENSG00000257913.2	False	True	True	True	True	1.6168260038240918
ENSG00000258325.2	False	True	True	True	True	1.2737752161383284
ENSG00000257433.5	False	True	True	True	True	7.799054373522458
ENSG00000235884.3	False	True	True	True	True	1.6644182124789206
ENSG00000257285.5	False	True	True	True	True	1.0629496402877698
ENSG00000272368.2	False	True	True	True	True	1.1982832618025752
ENSG00000258168.5	False	True	True	True	True	2.454810091488772
ENSG00000258297.1	False	True	True	True	True	1.6186851211072664
ENSG00000257595.2	True	True	True	True	True	1.2007648183556405
ENSG00000258057.5	False	True	True	True	True	6.576923076923077
ENSG00000257252.5	True	True	True	True	True	2.474164133738602
ENSG00000257702.3	False	True	True	True	True	1.0587039390088946
ENSG00000257599.1	False	True	True	True	True	1.4724770642201834
ENSG00000257815.5	True	True	True	True	True	1.4966101694915255
ENSG00000257894.2	False	True	True	True	True	2.021473528322843
ENSG00000257303.1	False	True	True	True	True	1.0476190476190477
ENSG00000257219.5	False	True	True	True	True	1.9944751381215469
ENSG00000257259.1	False	True	True	True	True	3.6778398510242085
ENSG00000257261.5	True	True	True	True	True	2.2844249444007523
ENSG00000257621.7	True	True	True	True	True	1.9556739257854872
ENSG00000257176.2	False	True	True	True	True	4.30379746835443
ENSG00000258702.1	False	True	True	True	True	3.840304182509506
ENSG00000259065.1	False	True	True	True	True	1.0650557620817844
ENSG00000258867.5	True	True	True	True	True	2.047639670853183
ENSG00000258498.8	True	True	True	True	True	4.530612244897959
ENSG00000258733.5	False	True	True	True	True	1.0865102639296187
ENSG00000258959.1	False	True	True	True	True	1.1598360655737705
ENSG00000258458.5	False	False	False	False	False	1.5
ENSG00000272888.5	True	True	True	True	True	2.3973712663230304
ENSG00000258545.5	False	True	True	True	True	1.9706249999999998
ENSG00000157306.14	True	True	True	True	True	1.8229939645790048
ENSG00000259153.1	True	True	True	True	True	1.3824176210740031
ENSG00000258301.3	False	True	True	True	True	1.9334098737083811
ENSG00000258476.5	False	True	True	True	True	2.7423580786026203
ENSG00000258584.1	False	True	True	True	True	2.248361934477379
ENSG00000259146.3	False	True	True	True	True	1.0969827586206897
ENSG00000258603.3	False	True	True	True	True	1.5416666666666667
ENSG00000258561.1	False	True	True	True	True	4.216783216783217
ENSG00000258441.1	False	True	True	True	True	1.5094602114635505
ENSG00000258752.1	False	False	True	True	True	1.2068273092369477
ENSG00000258819.1	False	True	True	True	True	4.285377358490566
ENSG00000258754.7	False	True	True	True	True	5.296803652968037
ENSG00000259118.5	False	True	True	True	True	1.1162551440329218
ENSG00000258580.1	False	True	True	True	True	1.0926640926640927
ENSG00000258910.2	True	True	True	True	True	1.0949346401367124
ENSG00000259234.5	False	True	True	True	True	1.1590909090909092
ENSG00000259448.2	False	True	True	True	True	1.5119916579770594
ENSG00000232386.9	False	True	True	True	True	1.2157809983896941
ENSG00000259370.2	False	True	True	True	True	2.6093219346527694
ENSG00000259347.6	True	True	True	True	True	5.582089552238806
ENSG00000259772.6	True	True	True	True	True	1.6202531737672827
ENSG00000259363.5	True	True	True	True	True	1.2269372693726937
ENSG00000259345.5	True	True	True	True	True	2.0
ENSG00000259319.1	False	True	True	True	True	1.7428080721339632
ENSG00000225766.9	False	True	True	True	True	1.8426724137931034
ENSG00000189419.6	True	True	True	True	True	1.6549520766773163
ENSG00000259291.2	False	True	True	True	True	1.0333944745969101
ENSG00000259251.2	False	True	True	True	True	2.9645061728395063
ENSG00000259275.2	False	True	True	True	True	8.519298245614035
ENSG00000259248.5	True	True	True	True	True	4.082379862700229
ENSG00000259456.3	False	True	True	True	True	1.3338129496402877
ENSG00000259520.5	False	True	True	True	True	1.3638048154438378
ENSG00000259495.2	True	True	True	True	True	15.775229357798166
ENSG00000259343.5	True	True	True	True	True	1.605427974947808
ENSG00000259673.5	False	True	True	True	True	1.3875728422826288
ENSG00000259446.5	True	True	True	True	True	1.0367965367965368
ENSG00000176753.5	False	True	True	True	True	1.7830820770519262
ENSG00000259577.1	False	True	True	True	True	1.3694444444444445
ENSG00000259583.2	True	True	True	True	True	5.3604651162790695
ENSG00000234377.7	False	True	True	True	True	7.577020202020202
ENSG00000259380.5	False	True	True	True	True	1.4980297059715064
ENSG00000261824.6	True	True	True	True	True	2.0743677591703493
ENSG00000260442.5	False	True	True	True	True	1.0528301886792453
ENSG00000259964.6	True	True	True	True	True	4.674712587204876
ENSG00000260653.5	False	True	True	True	True	1.5667198298777245
ENSG00000261008.6	True	True	True	True	True	3.8969804618117228
ENSG00000261296.1	False	True	True	True	True	7.7849223946784925
ENSG00000261227.2	False	True	True	True	True	1.689102564102564
ENSG00000213599.10	False	True	True	True	True	1.5418933623503808
ENSG00000260186.5	False	True	True	True	True	1.4147280642926805
ENSG00000259972.2	False	True	True	True	True	2.992636229749632
ENSG00000261094.2	False	True	True	True	True	2.1805251641137855
ENSG00000261064.1	False	True	True	True	True	1.2418032786885247
ENSG00000260469.2	False	True	True	True	True	1.4044750430292599
ENSG00000261801.5	False	True	True	True	True	3.5953125
ENSG00000261126.7	False	True	True	True	True	3.8422222222222224
ENSG00000260750.5	False	True	True	True	True	1.2416107382550337
ENSG00000260807.6	False	True	True	True	True	9.703125
ENSG00000261487.1	False	True	True	True	True	1.5527156549520766
ENSG00000260565.6	False	True	True	True	True	2.909754879356046
ENSG00000260778.5	False	True	True	True	True	1.2048816568047336
ENSG00000260136.5	True	True	True	True	True	1.4184833954729936
ENSG00000260517.2	True	True	True	True	True	3.8076923076923075
ENSG00000273036.2	True	True	True	True	True	3.1575829383886256
ENSG00000261253.2	True	True	True	True	True	1.2644281217208815
ENSG00000261329.5	False	True	True	True	True	1.400887573964497
ENSG00000261360.1	False	True	True	True	True	5.297348484848484
ENSG00000260448.5	False	True	True	True	True	1.8660170523751523
ENSG00000261183.5	True	True	True	True	True	1.3680851063829786
ENSG00000259953.1	False	True	True	True	True	1.68215892053973
ENSG00000260630.6	False	True	True	True	True	3.564625850340136
ENSG00000260528.4	False	True	True	True	True	1.7364341085271318
ENSG00000260793.2	False	True	True	True	True	1.518816067653277
ENSG00000260898.5	True	True	True	True	True	3.5686274509803924
ENSG00000259925.1	False	True	True	True	True	2.110788313483304
ENSG00000261553.5	False	True	True	True	False	1.8289765175011077
ENSG00000238045.9	True	True	True	True	True	4.9574898785425106
ENSG00000260658.5	False	True	True	True	True	1.059369202226345
ENSG00000260788.5	False	True	True	True	True	1.1355685131195334
ENSG00000260086.2	False	True	True	True	True	1.225519287833828
ENSG00000261664.5	False	True	True	True	True	1.4657039711191335
ENSG00000261195.1	True	True	True	True	True	1.227191413237925
ENSG00000260664.2	False	True	True	True	True	2.625531914893617
ENSG00000261840.2	False	True	True	True	True	1.9532498510845597
ENSG00000260083.1	False	True	True	True	True	1.3388507183010618
ENSG00000261804.1	True	True	True	True	True	1.1049808429118775
ENSG00000261118.1	False	True	True	True	True	2.1506172839506172
ENSG00000261407.1	False	True	True	True	True	1.010989010989011
ENSG00000260923.6	True	True	True	True	True	2.023474178403756
ENSG00000261604.1	False	True	True	True	True	1.5354046242774566
ENSG00000261520.5	False	True	True	True	True	2.1268106039901613
ENSG00000261188.1	False	True	True	True	True	1.348821772319947
ENSG00000261386.2	True	True	True	True	True	1.5495145631067961
ENSG00000260276.2	False	False	True	False	True	3.5527950310559007
ENSG00000261713.6	False	True	True	True	True	5.979123173277662
ENSG00000261040.6	True	True	True	True	True	1.2684563758389262
ENSG00000261505.1	False	True	True	True	True	1.0618591934381407
ENSG00000260853.1	False	True	True	True	True	1.0259623992837958
ENSG00000261105.5	False	True	True	True	True	1.1755888650963597
ENSG00000260372.6	False	True	True	True	True	6.6788008565310495
ENSG00000259868.2	False	True	True	True	True	1.20844327176781
ENSG00000260492.2	False	True	True	True	True	1.1119617224880383
ENSG00000262223.6	True	True	True	True	True	1.2330037082818297
ENSG00000262580.5	False	True	True	True	True	5.865333333333333
ENSG00000262879.5	False	True	True	True	True	3.2957317073170733
ENSG00000262061.5	False	True	True	True	True	4.47713717693837
ENSG00000263072.6	True	True	True	True	True	3.7434424763926892
ENSG00000262454.2	False	True	True	True	True	1.6334784821401358
ENSG00000261971.6	True	True	True	True	True	4.258002560819462
ENSG00000261978.1	False	True	True	True	True	1.0892388451443569
ENSG00000262370.5	True	True	True	True	True	1.2586027111574558
ENSG00000261879.5	False	True	True	True	True	1.9204927211646137
ENSG00000262877.4	False	True	True	True	True	1.5816068721576553
ENSG00000262468.5	False	True	True	True	True	1.773728813559322
ENSG00000263146.2	False	True	True	True	True	1.9756193472276837
ENSG00000262873.1	False	True	True	True	True	1.4245901639344263
ENSG00000262188.1	False	True	True	True	True	2.8518518518518516
ENSG00000262001.1	False	True	True	True	True	1.6289625360230549
ENSG00000226137.5	False	True	True	True	True	1.053190234697488
ENSG00000263069.5	False	True	True	True	True	6.994252873563219
ENSG00000262312.2	False	True	True	True	True	5.78125
ENSG00000262097.1	False	True	True	True	True	1.3380281690140845
ENSG00000263004.1	False	True	True	True	True	1.2271944922547333
ENSG00000262728.5	False	False	False	False	True	1.5093457943925233
ENSG00000264112.1	True	True	True	True	True	1.4580231331897997
ENSG00000264920.1	True	True	True	True	True	1.5226224224433251
ENSG00000263753.6	True	True	True	True	True	1.4286046274762165
ENSG00000265096.1	False	True	True	True	True	1.483704974271012
ENSG00000265142.8	False	True	True	True	True	10.110047846889952
ENSG00000232956.8	True	True	True	True	True	1.7091087446497037
ENSG00000264247.1	False	True	True	True	True	2.4766672626497406
ENSG00000266677.1	False	True	True	True	True	4.2066276803118905
ENSG00000264515.5	False	True	True	True	True	2.291038154392192
ENSG00000264956.1	False	True	True	True	True	1.372043023477078
ENSG00000264672.5	False	True	True	True	True	1.5313935681470139
ENSG00000264968.1	False	True	True	True	True	2.065359477124183
ENSG00000215769.8	True	True	True	True	True	1.3491358024691358
ENSG00000263412.1	False	True	True	True	True	5.398886827458256
ENSG00000266835.5	False	True	True	True	True	1.4288888888888889
ENSG00000263958.1	False	True	True	True	True	1.6035087719298247
ENSG00000270820.5	False	True	True	True	True	1.1574450772986167
ENSG00000263400.6	False	True	True	True	True	1.5883952855847687
ENSG00000264589.2	False	True	True	True	True	5.699367088607595
ENSG00000266010.1	True	True	True	True	True	1.8257317903335601
ENSG00000265055.1	False	True	True	True	True	1.5046296296296295
ENSG00000263603.1	False	True	True	True	True	2.1557377049180326
ENSG00000265479.6	False	True	True	True	True	1.857409381663113
ENSG00000263766.5	True	True	True	True	True	2.493197278911565
ENSG00000264734.1	False	True	True	True	True	1.1722689075630253
ENSG00000266402.3	False	True	True	True	True	1.7020407290955333
ENSG00000265542.5	False	True	True	True	True	1.069915254237288
ENSG00000265688.1	False	True	True	True	True	1.3233240223463687
ENSG00000266053.2	True	True	True	True	True	1.1996919917864475
ENSG00000264569.1	False	True	True	True	True	1.399802566633761
ENSG00000279668.2	True	True	True	True	True	3.243212669683258
ENSG00000267278.5	False	True	True	True	True	5.451541850220265
ENSG00000267364.1	False	True	True	True	True	1.0724925521350546
ENSG00000266916.5	True	True	True	True	True	1.1200910658394685
ENSG00000166770.10	False	True	True	True	True	2.230439807675797
ENSG00000267080.5	False	True	True	True	True	4.016333938294011
ENSG00000267121.5	False	True	True	True	True	2.153165287665961
ENSG00000267659.5	True	True	True	True	True	4.9405099150141645
ENSG00000267383.6	False	True	True	True	True	2.0517799352750807
ENSG00000267470.5	True	True	True	True	True	6.556135770234987
ENSG00000267586.6	True	True	True	True	True	2.9937655860349133
ENSG00000267454.5	True	True	True	True	True	1.2572482469400483
ENSG00000267198.1	True	True	True	True	True	1.4742589703588145
ENSG00000267106.5	False	True	True	True	True	1.849776013031969
ENSG00000267649.1	True	True	True	True	True	1.1457219251336899
ENSG00000267575.6	True	True	True	True	True	2.576727588044181
ENSG00000232006.8	False	True	True	True	True	2.6246246246246248
ENSG00000267248.1	False	True	True	True	True	1.3015267175572518
ENSG00000266903.1	True	True	True	True	True	1.4176999264529597
ENSG00000267302.5	True	True	True	True	True	1.658236994219653
ENSG00000267737.1	False	True	False	True	True	1.2426127527216173
ENSG00000267605.5	False	True	True	True	True	4.216760566376919
ENSG00000267053.6	False	True	True	True	True	1.5658153241650294
ENSG00000267750.5	False	True	True	True	True	2.4776190476190476
ENSG00000267270.5	False	True	True	True	True	3.9793920098081994
ENSG00000267009.6	True	True	True	True	True	1.4080145719489983
ENSG00000267199.1	False	True	True	True	True	13.601108033240997
ENSG00000266904.5	True	False	False	False	True	8.320261437908497
ENSG00000267128.1	False	True	True	True	True	1.9631635969664138
ENSG00000267280.5	False	True	True	True	True	1.89647577092511
ENSG00000266993.3	False	True	True	True	True	1.6951379763469119
ENSG00000267665.1	False	True	True	True	True	2.8498074454428757
ENSG00000267265.5	False	True	True	True	True	2.2716763005780347
ENSG00000266921.1	False	True	True	True	True	1.171875
ENSG00000267279.1	True	True	True	True	True	1.0627871362940275
ENSG00000267058.1	False	True	True	True	True	1.6262513904338154
ENSG00000267254.5	True	True	True	True	True	1.3076923076923077
ENSG00000266970.1	False	True	True	True	True	1.5857142857142856
ENSG00000197291.8	False	True	True	True	True	2.420807453416149
ENSG00000225313.5	True	True	True	True	True	2.6036363641219324
ENSG00000267421.6	True	True	True	True	True	1.6909353905496627
ENSG00000267751.5	False	True	True	True	True	1.537313432835821
ENSG00000267452.1	False	True	True	True	True	1.683431952662722
ENSG00000267169.1	False	True	True	True	True	4.71334431630972
ENSG00000267107.6	False	True	True	True	True	2.844735764031135
ENSG00000283633.1	True	True	True	True	True	2.475956820412169
ENSG00000267432.5	False	True	True	True	True	3.163799036476256
ENSG00000266947.1	False	True	True	True	True	1.6664576802507838
ENSG00000267072.2	True	True	True	True	True	4.347408829174664
ENSG00000267251.2	False	True	True	True	True	1.6437802907915993
ENSG00000204282.4	False	True	True	True	True	1.0864533696392102
ENSG00000267322.2	True	True	True	True	True	2.4180522565320666
ENSG00000267014.5	False	True	True	True	True	1.9402390438247012
ENSG00000186019.10	False	True	True	True	True	7.544811320754717
ENSG00000267002.2	True	True	True	True	True	2.090460603197128
ENSG00000267260.1	False	True	True	True	True	1.482371794871795
ENSG00000267244.5	False	True	True	True	True	1.1709819247679532
ENSG00000267757.4	False	True	True	True	True	1.0572792362768497
ENSG00000267040.6	True	True	True	True	True	1.7667269439421338
ENSG00000267321.2	False	True	True	True	True	1.0793528505392913
ENSG00000268061.5	False	True	True	True	True	1.2379068902157877
ENSG00000268895.5	True	True	True	True	True	1.8382443595117741
ENSG00000232098.3	False	True	True	True	True	1.6858638743455496
ENSG00000236778.7	True	True	True	True	True	3.7865292602134706
ENSG00000227195.10	False	True	True	True	True	1.7369308600337268
ENSG00000269386.5	False	True	True	True	True	1.0935096438109102
ENSG00000268388.5	False	True	True	True	True	5.596745027124774
ENSG00000267858.5	False	True	True	True	True	4.543362831858407
ENSG00000268119.5	True	True	True	True	True	8.286219081272085
ENSG00000269352.1	False	True	True	True	True	1.3934108527131783
ENSG00000269834.5	False	True	True	True	True	1.9629962277707922
ENSG00000269793.5	False	True	True	True	True	3.8017857142857143
ENSG00000229692.3	False	True	True	True	False	1.2840970350404313
ENSG00000268093.1	True	True	True	True	True	2.2332361516034984
ENSG00000268362.5	False	True	True	True	True	1.0273605150214593
ENSG00000269235.1	False	True	True	True	True	1.2097053726169844
ENSG00000268751.1	False	True	True	True	True	1.205911330049261
ENSG00000269439.5	True	True	True	True	True	2.3993610223642174
ENSG00000268027.5	False	True	True	True	True	1.035614913745131
ENSG00000268401.1	True	True	True	True	True	1.05019305019305
ENSG00000268006.1	False	True	True	True	True	1.4761020881670535
ENSG00000268654.1	False	True	True	True	True	1.1025641025641026
ENSG00000268189.2	False	True	True	True	True	1.7639442231075697
ENSG00000267871.5	False	True	True	True	True	1.1605541972290139
ENSG00000268230.5	False	True	True	True	True	1.8821529745042493
ENSG00000268355.1	True	True	True	True	True	1.0241379310344827
ENSG00000269293.2	False	True	True	True	True	1.0466517879120882
ENSG00000269985.1	False	True	True	True	True	1.464549064095292
ENSG00000270111.2	True	True	True	True	True	2.231683168316832
ENSG00000270112.3	True	True	True	True	True	7.401263823064771
ENSG00000270091.1	False	True	True	True	True	1.433684210526316
ENSG00000269893.6	True	True	True	True	True	1.7374603244092923
ENSG00000270069.1	False	True	True	True	True	1.1374184191443075
ENSG00000270049.2	True	True	True	True	True	2.39672131147541
ENSG00000271133.5	False	True	True	True	True	1.1066066066066067
ENSG00000271335.5	True	True	True	True	True	2.263803680981595
ENSG00000270332.1	True	True	True	True	True	2.069226638696314
ENSG00000271334.5	False	True	True	True	True	1.089090909090909
ENSG00000271109.1	False	True	True	True	True	1.1067961165048543
ENSG00000271270.5	True	True	True	True	True	8.464891041162227
ENSG00000271538.5	False	True	True	True	True	1.1766666666666667
ENSG00000270547.5	False	True	True	True	True	5.89367088607595
ENSG00000272146.5	False	True	True	True	True	1.688073394495413
ENSG00000271858.5	False	True	True	True	True	2.187363834422658
ENSG00000271826.5	False	True	True	True	True	1.543782837127846
ENSG00000271913.5	True	True	True	True	True	2.1696891191709846
ENSG00000272288.5	True	True	True	True	False	1.682675207952183
ENSG00000272097.1	False	True	True	True	True	2.2916666666666665
ENSG00000272070.1	False	True	True	True	True	1.705308775731311
ENSG00000271848.1	False	True	True	True	True	1.2947845804988662
ENSG00000272142.1	False	True	True	True	True	2.4625850340136055
ENSG00000272138.1	True	True	True	True	True	1.291060291060291
ENSG00000273297.1	True	True	True	True	True	1.9356060606060606
ENSG00000273143.1	True	True	True	True	True	2.334928229665072
ENSG00000273061.1	False	True	True	True	True	1.848936201126729
ENSG00000272758.5	False	True	True	True	True	2.6063348416289593
ENSG00000272690.5	False	True	True	True	True	2.849438202247191
ENSG00000273247.5	False	True	True	True	True	2.5544725191530464
ENSG00000272599.2	False	True	True	True	True	1.3180379746835442
ENSG00000273492.5	False	True	True	True	True	3.5402504472271916
ENSG00000273356.1	False	True	True	True	True	2.437869822485207
ENSG00000272702.1	True	True	True	True	True	6.533333333333333
ENSG00000272870.1	False	True	True	True	True	1.6238166417538613
ENSG00000272894.5	False	True	True	True	True	2.3435643564356434
ENSG00000272568.5	False	True	True	True	True	7.650103519668737
ENSG00000272693.3	False	True	True	True	True	1.3682008368200838
ENSG00000272677.1	False	True	True	True	True	1.0104847495434817
ENSG00000231728.3	False	True	True	True	True	1.7258176757132915
ENSG00000275294.4	True	True	True	True	True	1.0924956369982548
ENSG00000278133.1	True	True	True	True	True	1.1734693877551021
ENSG00000274265.4	True	True	True	True	True	2.0691358024691358
ENSG00000273674.4	False	True	True	True	True	5.006263048016701
ENSG00000278464.1	False	True	True	True	True	1.3357843137254901
ENSG00000276075.1	False	True	True	True	True	1.4272890484739678
ENSG00000276170.4	True	True	True	True	True	1.3521669341894063
ENSG00000226067.6	False	True	True	True	True	1.5781893004115226
ENSG00000278611.1	True	True	True	True	True	1.1815680880330124
ENSG00000275830.1	False	True	True	True	True	1.2546916890080428
ENSG00000278768.1	False	True	True	True	True	1.19629057187017
ENSG00000203804.4	False	True	True	True	True	1.8474903474903475
ENSG00000277199.1	False	True	True	True	True	1.0359572400388728
ENSG00000276649.1	False	True	True	True	True	1.401675701848681
ENSG00000278390.4	False	True	False	True	False	3.15702479338843
ENSG00000278156.1	False	True	True	True	True	1.2636020430823895
ENSG00000278175.3	True	True	True	True	True	1.6201875124675842
ENSG00000274253.4	True	True	True	True	True	1.8834488734835355
ENSG00000274333.4	False	True	True	True	True	4.021554315041987
ENSG00000275496.4	False	True	True	True	True	3.1439894319682957
ENSG00000279082.3	False	True	True	True	True	2.234862385321101
ENSG00000278932.3	True	True	True	True	True	3.123076923076923
ENSG00000280145.3	True	True	True	True	True	7.719072164948454
ENSG00000280018.3	False	True	True	True	True	1.0425844346549193
ENSG00000280081.3	False	True	True	True	True	1.0570189030058879
ENSG00000279762.3	False	True	True	True	True	5.408233276157804
ENSG00000278903.3	False	True	True	True	True	2.1969924812030075
ENSG00000279168.2	False	True	True	True	True	1.4011159330440173
ENSG00000279094.3	False	True	True	True	True	1.0214323052796654
ENSG00000279750.3	False	True	True	True	True	1.2834101382488479
ENSG00000281649.1	False	True	True	True	True	3.1203155818540433
ENSG00000280734.2	False	True	True	True	True	1.7727618564544763
ENSG00000280739.2	False	False	True	False	True	5.780722891566265
ENSG00000280721.1	False	True	True	True	True	1.7001223990208079
ENSG00000281657.2	False	True	True	True	True	1.1862257504000917
ENSG00000281162.2	False	True	True	True	True	4.865535248041775
ENSG00000281357.2	False	True	True	True	True	4.789272030651341
ENSG00000280832.1	False	True	True	True	True	1.4561068702290076
ENSG00000280623.1	False	True	True	True	True	1.9714428857715431
ENSG00000280870.2	False	True	True	True	True	1.7239999999999998
ENSG00000281392.1	True	True	True	True	True	2.883487007544007
ENSG00000281103.1	True	True	True	True	True	5.440298507462686
ENSG00000282508.1	False	True	True	True	True	2.0228571812701963
ENSG00000282024.1	True	True	True	True	True	1.1580135440180588
ENSG00000282851.1	False	True	True	True	True	2.0410972978526662
ENSG00000282917.1	False	True	True	True	True	1.3224852071005917
ENSG00000283108.1	False	True	True	True	True	1.2783505154639174
ENSG00000282885.1	False	True	True	True	True	1.180931744312026
ENSG00000282943.1	False	True	True	True	True	3.8589473684210525
ENSG00000228526.6	False	True	True	True	True	1.7767932489451477
ENSG00000283128.1	True	True	True	True	True	1.6347107438016528
ENSG00000283674.1	False	True	True	True	True	3.9043392504930967
ENSG00000283458.1	False	True	True	True	True	1.0686868686868687
ENSG00000283196.1	True	True	True	True	True	1.5411397889622764
ENSG00000203809.6	False	True	True	True	True	3.2791970802919708
ENSG00000283352.1	False	True	True	True	True	1.05716523101018
ENSG00000283462.1	False	True	True	True	True	3.114074074074074
ENSG00000283213.1	True	True	True	True	True	3.463757396449704
ENSG00000283380.1	False	True	True	True	True	1.4063097509724634
ENSG00000283503.1	False	True	True	True	True	1.5400477149029543
ENSG00000284052.1	False	True	True	True	True	2.015806917651058
ENSG00000284428.1	True	True	True	True	True	2.888678656414127
ENSG00000284196.1	True	True	True	True	True	2.4102207799945976
ENSG00000284543.1	False	True	True	True	True	2.4533189950141754
ENSG00000283886.1	False	True	True	True	True	1.085681426106958
ENSG00000283897.1	True	True	True	True	True	1.8862790031509595
