gene_id	lnc_isi	gene_de	switch_sig	visibility	n_expr	small_perm
ENSG00000232774.7	0.1472732405988596	True	True	visible	67	False
ENSG00000231607.10	0.22726588970697464	True	False	gene_only	55	False
ENSG00000149656.8	0.0034809493032001994	True	False	gene_only	11	False
ENSG00000161149.12	0.0016830594934513525	True	False	gene_only	12	False
ENSG00000232527.7	0.39415542289712935	True	True	visible	54	False
ENSG00000163364.9	0.054109245558811137	True	False	gene_only	28	False
ENSG00000215241.3	0.07964628406462311	True	False	gene_only	22	False
ENSG00000170161.6	0.3162927113515316	False	False	none	18	False
ENSG00000170846.16	0.4101242608640609	True	True	visible	48	False
ENSG00000172965.14	0.12138604816180046	True	True	visible	68	False
ENSG00000174171.5	0.008544941984683078	True	False	gene_only	23	False
ENSG00000272752.6	0.038328892937693884	True	False	gene_only	67	False
ENSG00000179136.6	0.08542854756972759	True	False	gene_only	23	False
ENSG00000179523.4	0.060636932603534574	True	False	gene_only	66	False
ENSG00000176593.7	0.0695896509173822	True	False	gene_only	50	False
ENSG00000177738.3	0.35264667220947754	True	True	visible	53	False
ENSG00000177337.7	0.12130023549214577	True	True	visible	67	False
ENSG00000176840.11	0.02914749651950966	True	False	gene_only	19	False
ENSG00000180769.8	0.18385558022781845	True	True	visible	62	False
ENSG00000177406.4	0.32210410938504863	True	False	gene_only	32	False
ENSG00000177133.10	0.2491703867637472	True	False	gene_only	20	False
ENSG00000175611.11	0.16443693818413535	True	True	visible	67	False
ENSG00000214184.3	0.036567999689595954	False	False	none	10	False
ENSG00000242791.2	0.0005938821133191635	False	False	none	13	False
ENSG00000176912.3	0.001134715160840273	True	False	gene_only	41	False
ENSG00000176728.7	0.23059262252110296	True	True	visible	41	False
ENSG00000178803.10	0.0055232359451418064	True	False	gene_only	11	False
ENSG00000177410.12	0.09687318339427647	True	True	visible	68	False
ENSG00000185837.3	0.15572426091830932	True	True	visible	27	False
ENSG00000183250.11	0.0927254658918751	False	False	none	39	False
ENSG00000170919.15	0.23699333514880894	True	True	visible	67	False
ENSG00000185847.7	0.017328537914985676	False	False	none	16	False
ENSG00000182109.7	0.24988801944195999	True	True	visible	61	False
ENSG00000222041.10	0.06249338719969015	True	True	visible	67	False
ENSG00000185168.5	0.0168704455247052	False	False	none	13	False
ENSG00000183308.6	0.00464122937335416	False	False	none	14	False
ENSG00000189223.14	0.6208916619231775	True	True	visible	50	False
ENSG00000182648.11	0.2920585341523021	True	True	visible	67	False
ENSG00000182873.5	0.07413129736367366	True	False	gene_only	15	False
ENSG00000186594.14	0.13705008416141584	True	True	visible	68	False
ENSG00000186615.10	0.35701234748140204	True	True	visible	47	False
ENSG00000228463.9	0.2475486424152954	True	False	gene_only	47	False
ENSG00000249087.6	0.407406102823847	True	True	visible	47	False
ENSG00000204588.5	0.08530006855971922	False	False	none	9	True
ENSG00000270580.5	0.049859008350354395	True	False	gene_only	37	False
ENSG00000188185.11	0.001955882109148886	True	False	gene_only	24	False
ENSG00000188825.13	0.09540558284644032	True	False	gene_only	64	False
ENSG00000188242.4	0.003559600085930452	True	False	gene_only	68	False
ENSG00000188511.12	0.0638359205923768	True	False	gene_only	16	False
ENSG00000232110.7	0.03351460301540003	True	False	gene_only	25	False
ENSG00000196167.9	0.4289829736055594	True	True	visible	41	False
ENSG00000196295.11	0.21743342116470352	True	True	visible	67	False
ENSG00000198468.7	0.22977008226516446	False	True	silent	63	False
ENSG00000197934.8	0.007856875622179404	False	False	none	12	False
ENSG00000236882.7	0.0723569036104631	True	True	visible	12	False
ENSG00000174365.19	0.3415024466917819	True	True	visible	65	False
ENSG00000198221.8	0.07327710187600969	False	False	none	30	False
ENSG00000182165.17	0.07717507875725763	True	True	visible	67	False
ENSG00000251301.6	0.5890159616810482	True	True	visible	16	False
ENSG00000197182.14	0.5201752040585867	True	True	visible	52	False
ENSG00000242687.2	0.14612965259319124	True	False	gene_only	40	False
ENSG00000256925.2	0.0360082486461007	False	True	silent	13	False
ENSG00000234222.6	0.3232619722050424	False	False	none	22	False
ENSG00000203279.3	0.05718896746631085	True	False	gene_only	28	False
ENSG00000228010.5	0.18305151167979317	True	True	visible	18	False
ENSG00000231312.6	0.45533997118849323	True	True	visible	67	False
ENSG00000249684.5	0.18653989092070017	True	False	gene_only	21	False
ENSG00000179818.13	0.2472618551804996	True	True	visible	67	False
ENSG00000240401.8	0.7217278114374961	False	True	silent	27	False
ENSG00000203506.5	0.05898779665491646	False	False	none	10	False
ENSG00000234912.11	0.19451747254765483	True	True	visible	66	False
ENSG00000235257.8	0.2241275249022766	True	False	gene_only	61	False
ENSG00000223482.7	0.1673982599830764	True	True	visible	67	False
ENSG00000146521.9	0.0031087829817168997	True	False	gene_only	12	False
ENSG00000225511.6	0.09395397265123438	True	False	gene_only	19	False
ENSG00000233452.6	0.12022387386107386	True	True	visible	24	False
ENSG00000213057.5	0.15418420634197905	True	True	visible	11	False
ENSG00000203739.3	0.09110463515839523	True	False	gene_only	46	False
ENSG00000203808.10	0.0003497547605463393	True	False	gene_only	25	False
ENSG00000203865.9	0.0711877842516779	True	False	gene_only	50	False
ENSG00000203875.10	0.2952516877369731	True	True	visible	68	False
ENSG00000203876.9	0.1853749690815209	True	True	visible	27	False
ENSG00000174407.13	0.006696999457965302	True	False	gene_only	23	False
ENSG00000203930.10	0.7847291904708131	True	True	visible	32	False
ENSG00000203987.2	0.05791426188680177	True	False	gene_only	11	False
ENSG00000203993.4	0.06433614535301271	True	False	gene_only	67	False
ENSG00000203999.8	0.06703667186883519	False	False	none	17	False
ENSG00000226711.6	0.141961904340611	True	False	gene_only	28	False
ENSG00000204055.4	0.007617473340102057	True	False	gene_only	14	False
ENSG00000125804.13	0.002499890811289928	True	False	gene_only	19	False
ENSG00000204706.14	0.2012249768227565	False	False	none	7	True
ENSG00000204792.2	0.1533893119471008	False	True	silent	13	False
ENSG00000204802.3	0.14011750096899855	False	False	none	45	False
ENSG00000204860.4	0.018954078027658063	True	False	gene_only	49	False
ENSG00000204929.12	0.3274862030541493	False	True	silent	30	False
ENSG00000168405.15	0.22589064656803787	True	True	visible	62	False
ENSG00000205037.2	0.11932228355155816	True	True	visible	15	False
ENSG00000205181.5	0.0	True	False	gene_only	28	False
ENSG00000120664.10	0.023603351313150292	False	False	none	9	True
ENSG00000234449.2	0.03744152531925281	True	False	gene_only	28	False
ENSG00000237945.7	0.1963416769515835	True	False	gene_only	43	False
ENSG00000205696.4	0.020091101847009095	True	False	gene_only	14	False
ENSG00000205740.2	0.008174939452847658	False	False	none	6	True
ENSG00000248932.5	0.17103051019300974	True	False	gene_only	62	False
ENSG00000205885.7	0.08732415082625708	True	False	gene_only	36	False
ENSG00000237975.6	0.2912453816355542	False	False	none	15	False
ENSG00000205913.6	0.3185304376360112	True	False	gene_only	13	False
ENSG00000205930.8	0.15354016769765094	False	False	none	38	False
ENSG00000206187.3	0.0	False	False	none	7	True
ENSG00000206195.10	0.03556839253998187	False	False	none	10	False
ENSG00000206417.8	0.13555990570426113	True	True	visible	37	False
ENSG00000206567.9	0.08343223171419116	False	False	none	20	False
ENSG00000203288.3	0.029546469433114224	True	False	gene_only	31	False
ENSG00000224043.7	0.37072830238108556	True	True	visible	31	False
ENSG00000233175.2	0.08850376824139017	True	True	visible	19	False
ENSG00000247498.9	0.06607239004386102	True	False	gene_only	25	False
ENSG00000227540.1	0.2905101167717291	True	True	visible	60	False
ENSG00000177335.10	0.30776606371246473	True	True	visible	36	False
ENSG00000224281.4	0.2194083731911903	False	True	silent	28	False
ENSG00000220575.7	0.001367468472764805	True	False	gene_only	19	False
ENSG00000236432.7	0.19125661008102124	False	False	none	20	False
ENSG00000213963.6	0.38758643658854874	True	False	gene_only	33	False
ENSG00000232807.2	0.2196065057397697	True	False	gene_only	51	False
ENSG00000214049.6	0.0	False	False	none	15	False
ENSG00000214106.7	0.3968841873599069	True	True	visible	64	False
ENSG00000214293.8	0.06701537396668192	True	True	visible	67	False
ENSG00000214353.7	0.023333086845903482	False	False	none	17	False
ENSG00000214401.4	0.030825542639066082	False	True	silent	66	False
ENSG00000214548.14	0.551285125031127	True	True	visible	67	False
ENSG00000236200.5	0.09405251379885124	True	False	gene_only	14	False
ENSG00000214719.11	0.18943276394746833	True	False	gene_only	51	False
ENSG00000214900.9	0.7131551488943686	True	True	visible	61	False
ENSG00000214922.9	0.07291869875217434	True	True	visible	66	False
ENSG00000186960.10	0.026620364367825607	True	True	visible	11	False
ENSG00000215022.7	0.05381547867059423	False	False	none	16	False
ENSG00000215039.6	0.09084656236088295	True	True	visible	67	False
ENSG00000215067.9	0.1838601358469492	True	True	visible	67	False
ENSG00000215068.7	0.28169558781388715	True	True	visible	26	False
ENSG00000215256.3	0.19016077627810388	True	True	visible	66	False
ENSG00000215386.11	0.46204439038116485	True	True	visible	68	False
ENSG00000215447.7	0.01687492249499653	True	False	gene_only	52	False
ENSG00000215483.9	0.2723469428306611	True	True	visible	12	False
ENSG00000242349.5	0.010417802138925961	True	False	gene_only	23	False
ENSG00000215859.8	0.011201170065875512	True	False	gene_only	21	False
ENSG00000215866.7	0.13773364720902223	True	False	gene_only	20	False
ENSG00000216895.9	0.24750068137852874	True	True	visible	68	False
ENSG00000218416.4	0.09638964579196319	False	False	none	15	False
ENSG00000219665.8	0.1130845186051298	True	True	visible	67	False
ENSG00000221819.5	0.00672045528294226	True	False	gene_only	12	False
ENSG00000186235.10	0.19333076040348252	True	False	gene_only	26	False
ENSG00000222020.2	0.24203602310712835	True	True	visible	61	False
ENSG00000231742.5	0.09411461570891716	False	False	none	50	False
ENSG00000224429.7	0.11106783069444177	True	False	gene_only	20	False
ENSG00000234494.7	0.13796678386259964	True	False	gene_only	53	False
ENSG00000232442.1	0.040001299625953946	True	True	visible	67	False
ENSG00000230387.2	0.036769512012324146	False	False	none	9	True
ENSG00000226950.6	0.007988011266775279	True	True	visible	68	False
ENSG00000223745.7	0.15081645291870666	True	True	visible	67	False
ENSG00000225331.1	0.003927245491181114	True	False	gene_only	35	False
ENSG00000229956.10	0.5325068215908534	False	True	silent	17	False
ENSG00000231170.5	0.3937079393068177	True	True	visible	29	False
ENSG00000226644.5	0.03792510650964717	False	False	none	9	True
ENSG00000130600.17	0.382016372355613	True	True	visible	30	False
ENSG00000234741.7	0.10384358023743266	True	True	visible	68	False
ENSG00000229891.1	0.05696393631716924	True	False	gene_only	30	False
ENSG00000228274.3	0.14297959130777954	True	False	gene_only	56	False
ENSG00000229847.8	0.053145014199319336	True	False	gene_only	30	False
ENSG00000179406.7	0.09616791126835124	True	False	gene_only	65	False
ENSG00000204261.8	0.07420047444934512	True	False	gene_only	65	False
ENSG00000237491.8	0.2980573114364092	True	False	gene_only	26	False
ENSG00000225194.2	0.06705047296461202	True	False	gene_only	22	False
ENSG00000204054.13	0.09567439844714927	True	True	visible	67	False
ENSG00000224424.7	0.0203533251610957	True	False	gene_only	22	False
ENSG00000231609.5	0.0026022815243423878	True	False	gene_only	56	False
ENSG00000230091.6	0.11711782164593261	False	False	none	24	False
ENSG00000226308.1	0.03416263222919025	False	False	none	19	False
ENSG00000223949.6	0.054487469242333025	True	False	gene_only	31	False
ENSG00000237950.1	0.018091360075907937	False	False	none	9	True
ENSG00000232931.5	0.01165043788306557	True	False	gene_only	49	False
ENSG00000174403.15	0.06537920570084643	True	False	gene_only	29	False
ENSG00000179935.9	0.0316953162802789	True	False	gene_only	21	False
ENSG00000233895.1	0.1362513764149452	False	False	none	17	False
ENSG00000234546.3	0.008607511654315517	True	False	gene_only	11	False
ENSG00000234899.9	0.31559982729545344	True	True	visible	47	False
ENSG00000223969.5	0.608320053579311	True	True	visible	60	False
ENSG00000231074.8	0.23303758752961978	True	True	visible	67	False
ENSG00000235092.5	0.11268598737172654	True	True	visible	38	False
ENSG00000232677.6	0.13247278253081624	True	True	visible	59	False
ENSG00000234072.1	0.012376312896580853	True	False	gene_only	67	False
ENSG00000225342.2	0.014435064094950448	True	False	gene_only	19	False
ENSG00000225518.2	0.0637363379234027	True	False	gene_only	21	False
ENSG00000228878.7	0.08666789096295446	True	False	gene_only	37	False
ENSG00000241769.7	0.1916457719638054	True	False	gene_only	46	False
ENSG00000237232.7	0.01855029977920831	False	False	none	6	True
ENSG00000230185.4	0.22790407621773415	False	False	none	14	False
ENSG00000237737.5	0.10383823918462073	True	False	gene_only	16	False
ENSG00000225889.7	0.11385555105203587	True	False	gene_only	40	False
ENSG00000231871.5	0.0411295978764355	True	False	gene_only	15	False
ENSG00000225265.1	0.0911724016733225	True	True	visible	58	False
ENSG00000235703.5	0.34310470689607114	False	True	silent	27	False
ENSG00000234327.7	0.025506521300165712	True	True	visible	67	False
ENSG00000233639.5	0.24795361112617176	True	True	visible	26	False
ENSG00000234690.6	0.11139911659430114	True	False	gene_only	28	False
ENSG00000224032.6	0.014788007669215446	True	True	visible	68	False
ENSG00000226419.7	0.14694876931141948	True	True	visible	66	False
ENSG00000242628.5	0.1634209792873885	True	False	gene_only	18	False
ENSG00000236423.5	0.2816832058001172	False	False	none	12	False
ENSG00000224597.9	0.2756306621783138	True	True	visible	67	False
ENSG00000237883.1	0.00768195511247741	True	False	gene_only	26	False
ENSG00000227028.6	0.8892039484797521	False	True	silent	30	False
ENSG00000237413.5	0.00317837260213584	True	False	gene_only	14	False
ENSG00000231365.5	0.28802627626468613	True	False	gene_only	55	False
ENSG00000235770.5	0.05464714445376377	True	False	gene_only	12	False
ENSG00000231013.1	0.018091358213262788	False	False	none	16	False
ENSG00000228798.1	0.0074138902961445475	False	False	none	8	True
ENSG00000225206.8	0.01840757056703559	False	False	none	8	True
ENSG00000229043.2	0.04653718016048958	True	False	gene_only	65	False
ENSG00000196756.11	0.06684741196273371	True	True	visible	67	False
ENSG00000238276.5	0.01637578795477873	False	False	none	11	False
ENSG00000224272.2	0.003713635365305647	False	False	none	19	False
ENSG00000232973.11	0.6087575952529336	True	False	gene_only	30	False
ENSG00000236830.6	0.24890839078768484	True	False	gene_only	53	False
ENSG00000236859.6	0.09068672815995046	True	True	visible	65	False
ENSG00000233237.6	0.6160677820997946	False	True	silent	18	False
ENSG00000233008.5	0.5275752690514168	False	True	silent	16	False
ENSG00000224660.1	0.010495763409033663	True	False	gene_only	53	False
ENSG00000242125.3	0.016974026516512492	True	True	visible	67	False
ENSG00000225554.1	0.014171949105241301	True	False	gene_only	26	False
ENSG00000226688.6	0.36145561749764554	True	True	visible	59	False
ENSG00000229656.6	0.00717992602644779	False	False	none	10	False
ENSG00000224078.13	0.328610009630664	True	True	visible	67	False
ENSG00000226674.8	0.4066418443889586	False	False	none	10	False
ENSG00000225470.7	0.20113020014578017	True	True	visible	67	False
ENSG00000233016.6	0.03205032443192426	True	True	visible	67	False
ENSG00000231185.6	0.08521665414831464	False	False	none	7	True
ENSG00000228109.1	0.07119512582199228	True	True	visible	29	False
ENSG00000234753.5	0.537112953622516	False	True	silent	14	False
ENSG00000213742.6	0.2097205520178131	True	True	visible	60	False
ENSG00000236780.5	0.13366998018364468	False	True	silent	10	False
ENSG00000235597.1	0.02281679765807612	True	False	gene_only	14	False
ENSG00000237654.5	0.10345732494872946	False	False	none	16	False
ENSG00000225746.9	0.2489756837236965	True	True	visible	26	False
ENSG00000281404.1	0.006440089240029172	False	False	none	21	False
ENSG00000242086.8	0.1549163092678522	True	True	visible	67	False
ENSG00000215424.9	0.36327782759377153	True	False	gene_only	37	False
ENSG00000225377.5	0.19444860757614046	True	True	visible	60	False
ENSG00000177640.15	0.38345243895049347	True	True	visible	35	False
ENSG00000227543.4	0.20201444328578577	True	False	gene_only	18	False
ENSG00000229694.6	0.4628922657889717	True	True	visible	36	False
ENSG00000223749.9	0.009840243389841175	True	False	gene_only	12	False
ENSG00000234456.7	0.24493256781031142	True	True	visible	67	False
ENSG00000228192.7	0.1574976479722744	True	False	gene_only	34	False
ENSG00000236283.4	0.22766320883427596	False	False	none	20	False
ENSG00000226312.7	0.19241193497022463	False	False	none	20	False
ENSG00000227070.1	0.048049943127848646	False	False	none	11	False
ENSG00000235903.7	0.2610364095117463	True	True	visible	25	False
ENSG00000233223.2	0.10184915942801692	True	True	visible	67	False
ENSG00000227218.7	0.03067410794737431	False	False	none	7	True
ENSG00000230212.6	0.015226189601489172	False	False	none	14	False
ENSG00000237484.5	0.06398240511318826	False	False	none	17	False
ENSG00000231057.3	0.040894778313469986	False	False	none	18	False
ENSG00000223960.6	0.06046251465220365	True	False	gene_only	67	False
ENSG00000237773.5	0.3958295391763265	True	True	visible	57	False
ENSG00000228794.8	0.03228034619185531	True	False	gene_only	67	False
ENSG00000232613.6	0.011201166340585213	False	False	none	8	True
ENSG00000237870.6	0.0	True	False	gene_only	21	False
ENSG00000236540.7	0.2189019038090962	True	True	visible	59	False
ENSG00000237126.8	0.14486724500711565	True	False	gene_only	8	True
ENSG00000223884.5	0.2540627700656512	False	True	silent	10	False
ENSG00000234678.1	0.00727860400287585	True	False	gene_only	16	False
ENSG00000231999.6	0.24166421685451406	True	True	visible	47	False
ENSG00000225383.7	0.6399200473490507	True	True	visible	44	False
ENSG00000228649.8	0.0817277872062605	True	False	gene_only	34	False
ENSG00000232520.1	0.004969783593638328	True	False	gene_only	11	False
ENSG00000225670.4	0.0	False	False	none	15	False
ENSG00000224897.6	0.2536337838535024	False	False	none	29	False
ENSG00000226891.7	0.10191220722516006	True	False	gene_only	28	False
ENSG00000224116.6	0.06993372034680043	True	False	gene_only	15	False
ENSG00000225742.5	0.021153104632649807	False	False	none	8	True
ENSG00000230417.11	0.5550950671069548	True	True	visible	23	False
ENSG00000226696.5	0.1538289350472683	True	True	visible	59	False
ENSG00000225205.5	0.08779765379237572	False	False	none	15	False
ENSG00000227456.7	0.013735744894049124	True	False	gene_only	13	False
ENSG00000225953.2	0.5642856516071224	False	True	silent	11	False
ENSG00000241990.5	0.05438341418271448	True	True	visible	67	False
ENSG00000237940.3	0.09709402329170985	False	False	none	6	True
ENSG00000236753.5	0.048023729481952486	True	False	gene_only	53	False
ENSG00000233461.5	0.0978478448843417	True	True	visible	65	False
ENSG00000229980.4	0.0688356031975883	True	True	visible	58	False
ENSG00000229807.10	0.3113136230728811	False	True	silent	23	False
ENSG00000234281.5	0.037018622068861674	False	True	silent	17	False
ENSG00000223546.6	0.14920016391671112	False	False	none	11	False
ENSG00000226051.6	0.3633429265843894	True	True	visible	15	False
ENSG00000231407.5	0.41067328023218563	True	True	visible	8	True
ENSG00000242282.6	0.33640310504297705	True	True	visible	60	False
ENSG00000227533.5	0.004636245903956837	True	False	gene_only	23	False
ENSG00000224924.6	0.01833472264244588	True	False	gene_only	18	False
ENSG00000218510.6	0.07245897401306092	True	True	visible	68	False
ENSG00000235314.1	0.036918844872251555	True	False	gene_only	55	False
ENSG00000236404.8	0.5115250065742293	True	True	visible	33	False
ENSG00000238164.6	0.07191756293287946	True	False	gene_only	12	False
ENSG00000238142.1	0.15004816033925822	True	True	visible	68	False
ENSG00000234722.3	0.0	True	False	gene_only	11	False
ENSG00000225472.1	0.008873796184014314	True	False	gene_only	27	False
ENSG00000231721.6	0.290772219567484	True	True	visible	66	False
ENSG00000226853.2	0.060593730062388	True	False	gene_only	65	False
ENSG00000233864.7	0.335872164698879	False	True	silent	36	False
ENSG00000244625.5	0.156502458250401	True	False	gene_only	60	False
ENSG00000228288.6	0.06315544049432334	False	False	none	41	False
ENSG00000233937.6	0.13256831959954385	True	False	gene_only	59	False
ENSG00000237037.9	0.5710755127316792	True	True	visible	67	False
ENSG00000235954.6	0.30695349973074065	True	True	visible	67	False
ENSG00000224177.6	0.026964830531928646	True	False	gene_only	11	False
ENSG00000212978.6	0.026520060376375557	True	False	gene_only	65	False
ENSG00000233230.1	0.07579444208946141	True	False	gene_only	51	False
ENSG00000225733.5	0.0444650175658451	True	True	visible	67	False
ENSG00000231920.1	0.13145846049688342	False	True	silent	16	False
ENSG00000224958.5	0.18407426626029122	True	True	visible	33	False
ENSG00000237298.9	0.914382854550277	True	True	visible	50	False
ENSG00000173811.10	0.0	False	False	none	11	False
ENSG00000233392.5	0.008267897261700506	False	False	none	13	False
ENSG00000230798.5	0.12391231708028584	True	True	visible	16	False
ENSG00000233521.5	0.022190189372707142	False	False	none	8	True
ENSG00000272734.1	0.11621655750470775	True	False	gene_only	31	False
ENSG00000226471.6	0.21714642156249542	True	True	visible	66	False
ENSG00000233117.2	0.15352225515629717	True	True	visible	40	False
ENSG00000235535.7	0.4607869029722712	True	True	visible	19	False
ENSG00000226380.9	0.02949969580933348	False	False	none	22	False
ENSG00000238005.2	0.2252042506985279	False	True	silent	14	False
ENSG00000237928.5	0.3805361863611658	False	True	silent	22	False
ENSG00000226266.6	0.08609115460315189	True	False	gene_only	34	False
ENSG00000270087.5	0.05189915827094588	False	False	none	17	False
ENSG00000224870.6	0.10037916790288917	True	True	visible	64	False
ENSG00000236013.5	0.007678805442058762	True	False	gene_only	21	False
ENSG00000232310.6	0.3042137599873335	True	True	visible	32	False
ENSG00000223387.6	0.0	False	False	none	13	False
ENSG00000230590.8	0.10247541842968252	True	True	visible	67	False
ENSG00000228203.6	0.04148174147182565	False	False	none	19	False
ENSG00000225683.5	0.023678324180234737	True	False	gene_only	10	False
ENSG00000225083.1	0.025561711614850588	True	False	gene_only	15	False
ENSG00000238217.5	0.06347730010464187	False	False	none	7	True
ENSG00000227953.6	0.2793267193638212	True	True	visible	21	False
ENSG00000236502.1	0.019979694528411873	True	False	gene_only	9	True
ENSG00000225465.8	0.0014540823310231162	True	False	gene_only	19	False
ENSG00000224023.10	0.23630918316515603	True	True	visible	63	False
ENSG00000226822.2	0.02297510577061113	True	False	gene_only	11	False
ENSG00000231770.5	0.015367878678264326	True	False	gene_only	68	False
ENSG00000228265.5	0.1403329877660697	True	True	visible	52	False
ENSG00000237819.5	0.0819552423540632	True	False	gene_only	8	True
ENSG00000225484.6	0.1393419328572874	True	True	visible	67	False
ENSG00000236017.8	0.1498643981731197	True	False	gene_only	48	False
ENSG00000231890.7	0.5213406791696256	False	False	none	13	False
ENSG00000226026.5	0.006440089240029172	True	False	gene_only	35	False
ENSG00000239665.8	0.18470377668758486	True	True	visible	67	False
ENSG00000226791.6	0.004888496651508078	True	False	gene_only	11	False
ENSG00000250303.3	0.18032865954160734	True	True	visible	68	False
ENSG00000234380.1	0.02140490948523808	True	False	gene_only	19	False
ENSG00000244558.5	0.67566583302041	True	True	visible	24	False
ENSG00000229017.6	0.00838384879798188	False	False	none	11	False
ENSG00000230910.2	0.1194275127695409	True	False	gene_only	43	False
ENSG00000227373.5	0.21662992823684293	False	True	silent	18	False
ENSG00000226091.7	0.4359881583937387	True	True	visible	37	False
ENSG00000259974.2	0.000974463549436811	True	False	gene_only	12	False
ENSG00000224843.6	0.34823104803895477	False	True	silent	31	False
ENSG00000227110.6	0.03140339179603779	True	False	gene_only	19	False
ENSG00000229267.2	0.06369222503254157	True	False	gene_only	24	False
ENSG00000236671.7	0.19688609239929636	False	True	silent	10	False
ENSG00000235033.7	0.19591095615821097	False	False	none	22	False
ENSG00000236255.1	0.29291420191753326	True	True	visible	26	False
ENSG00000228106.5	0.1333034870694509	True	True	visible	66	False
ENSG00000232656.7	0.07403829166695367	True	False	gene_only	44	False
ENSG00000226434.1	0.008620776947238784	False	False	none	7	True
ENSG00000233483.2	0.2393306489935686	True	True	visible	40	False
ENSG00000227946.1	0.00838384879798188	True	False	gene_only	61	False
ENSG00000228857.2	0.0656900181174609	False	False	none	20	False
ENSG00000226007.2	0.47522956148159823	False	True	silent	30	False
ENSG00000231889.7	0.32086341894966164	True	True	visible	60	False
ENSG00000214870.8	0.09682291280739319	True	False	gene_only	29	False
ENSG00000229388.1	0.0807421846001431	True	False	gene_only	45	False
ENSG00000231683.6	0.13244229211789238	True	False	gene_only	22	False
ENSG00000224957.5	0.004579359050126262	True	False	gene_only	9	True
ENSG00000223797.5	0.16811331773584368	True	True	visible	67	False
ENSG00000273018.5	0.35141850425002963	True	True	visible	31	False
ENSG00000230102.7	0.16836794038713696	False	False	none	12	False
ENSG00000245556.2	0.02459129986788834	True	False	gene_only	63	False
ENSG00000224397.5	0.717748479339332	True	True	visible	33	False
ENSG00000238057.8	0.16393272367667527	False	False	none	7	True
ENSG00000230333.6	0.196536671382248	False	False	none	13	False
ENSG00000227906.7	0.038929847664481404	True	False	gene_only	19	False
ENSG00000231768.1	0.021297251841207152	False	False	none	17	False
ENSG00000228340.5	0.24067136912499704	True	False	gene_only	21	False
ENSG00000236673.5	0.0	True	False	gene_only	17	False
ENSG00000229852.2	0.1144870392165092	True	True	visible	44	False
ENSG00000231028.8	0.08681664740580547	False	False	none	13	False
ENSG00000231711.2	0.13594198949963562	True	False	gene_only	57	False
ENSG00000229153.5	0.2312142453905811	False	True	silent	12	False
ENSG00000228302.2	0.03773909068027519	True	False	gene_only	56	False
ENSG00000230844.2	0.0	True	False	gene_only	65	False
ENSG00000240240.8	0.011237491616306782	False	False	none	26	False
ENSG00000224165.5	0.17969918085877173	True	True	visible	64	False
ENSG00000283913.1	0.0	False	False	none	8	True
ENSG00000228624.7	0.5468305941356204	True	True	visible	22	False
ENSG00000224167.1	0.03331767922757651	False	False	none	18	False
ENSG00000237686.6	0.16615384177535958	True	False	gene_only	29	False
ENSG00000236922.9	0.04502254482978103	False	False	none	11	False
ENSG00000214783.9	0.01750324669179628	True	False	gene_only	65	False
ENSG00000232940.5	0.12389782052314807	True	False	gene_only	42	False
ENSG00000234810.2	0.36078233713094954	True	True	visible	53	False
ENSG00000230442.5	0.025484889192587255	True	False	gene_only	21	False
ENSG00000228315.11	0.28114451698040727	True	True	visible	55	False
ENSG00000233723.7	0.07066841641649516	True	False	gene_only	14	False
ENSG00000249790.2	0.22491602633831076	False	False	none	19	False
ENSG00000236120.6	0.0	True	False	gene_only	20	False
ENSG00000221817.9	0.1773761103608273	True	False	gene_only	60	False
ENSG00000232104.3	0.030590205964055144	True	False	gene_only	33	False
ENSG00000233901.5	0.2200105740445264	True	True	visible	58	False
ENSG00000153363.12	0.18700901500528944	True	True	visible	68	False
ENSG00000229931.1	0.0024369911369198673	False	False	none	6	True
ENSG00000236088.9	0.5040614654470474	True	True	visible	53	False
ENSG00000231252.2	0.18049722009565583	False	False	none	8	True
ENSG00000233098.8	0.1360896109574033	False	False	none	15	False
ENSG00000234452.5	0.008986596006233603	True	False	gene_only	15	False
ENSG00000225439.2	0.05842139141855117	True	True	visible	57	False
ENSG00000237036.4	0.21286028482574834	True	False	gene_only	59	False
ENSG00000228801.5	0.08012200242348022	True	False	gene_only	62	False
ENSG00000232079.6	0.08772235881019425	True	False	gene_only	22	False
ENSG00000224259.6	0.07703630367728725	True	True	visible	27	False
ENSG00000256546.1	0.06730791411781151	True	False	gene_only	22	False
ENSG00000233766.7	0.0741444546839492	True	False	gene_only	11	False
ENSG00000233930.3	0.0042238480965661376	True	False	gene_only	21	False
ENSG00000237054.9	0.0	True	False	gene_only	14	False
ENSG00000237352.3	0.3878224456528581	True	True	visible	55	False
ENSG00000234177.5	0.0138644231059133	False	False	none	16	False
ENSG00000238113.6	0.1736603259426651	True	True	visible	54	False
ENSG00000232934.7	0.06028129090744661	True	False	gene_only	14	False
ENSG00000233922.2	0.012008227856544937	True	False	gene_only	18	False
ENSG00000237457.6	0.05775246293199987	True	True	visible	23	False
ENSG00000185904.11	0.06436345095792333	True	False	gene_only	20	False
ENSG00000225975.6	0.09306095022553726	True	False	gene_only	66	False
ENSG00000233429.9	0.1636558894383061	True	False	gene_only	38	False
ENSG00000230269.6	0.004068780094559299	False	False	none	7	True
ENSG00000225062.1	0.11044809994623643	True	True	visible	17	False
ENSG00000205664.10	0.33772115860583235	False	False	none	31	False
ENSG00000237356.5	0.4865064259666139	False	False	none	6	True
ENSG00000231107.1	0.0	True	False	gene_only	12	False
ENSG00000240291.1	0.23276914415471014	True	True	visible	56	False
ENSG00000235016.1	0.0	False	False	none	14	False
ENSG00000234323.6	0.8926181984753229	True	True	visible	15	False
ENSG00000239636.1	0.011201169134552937	True	False	gene_only	12	False
ENSG00000237149.5	0.1329312572251966	True	False	gene_only	51	False
ENSG00000225032.5	0.04047813622855749	True	False	gene_only	32	False
ENSG00000228889.6	0.11708918238884122	False	False	none	47	False
ENSG00000223653.5	0.014435065957595597	False	False	none	11	False
ENSG00000231427.5	0.001570687348613575	False	False	none	8	True
ENSG00000235527.6	0.12983177448428868	True	True	visible	19	False
ENSG00000236333.3	0.20881847012766022	True	False	gene_only	25	False
ENSG00000272780.5	0.0	False	False	none	15	False
ENSG00000233554.5	0.01502006736444367	True	False	gene_only	60	False
ENSG00000226328.6	0.054923319996528594	True	True	visible	67	False
ENSG00000230454.1	0.16064106075532175	True	False	gene_only	14	False
ENSG00000239467.5	0.016652823729663355	True	False	gene_only	56	False
ENSG00000225335.3	0.27625897030671187	True	True	visible	39	False
ENSG00000239407.5	0.0	False	False	none	7	True
ENSG00000228395.1	0.03492323128890042	True	False	gene_only	41	False
ENSG00000234171.2	0.035023608736204984	True	False	gene_only	66	False
ENSG00000237380.6	0.0022778538352334404	False	False	none	16	False
ENSG00000234362.5	0.030038735382065373	False	False	none	21	False
ENSG00000230943.1	0.002632145956588729	True	False	gene_only	13	False
ENSG00000232995.7	0.2387351825342301	True	False	gene_only	48	False
ENSG00000230530.1	0.01981192232454193	False	False	none	16	False
ENSG00000236810.5	0.022165311882746282	True	False	gene_only	64	False
ENSG00000230623.4	0.06212153064991685	True	False	gene_only	21	False
ENSG00000237742.6	0.1283519901160456	False	False	none	28	False
ENSG00000212694.8	0.18625898543720504	True	True	visible	66	False
ENSG00000226833.5	0.06965478001834473	False	False	none	46	False
ENSG00000225177.5	0.1432249340447529	True	False	gene_only	53	False
ENSG00000235478.4	0.006278355081176504	True	False	gene_only	19	False
ENSG00000224592.5	0.0037306051256614167	False	False	none	11	False
ENSG00000234608.7	0.16484129729499286	True	True	visible	68	False
ENSG00000229240.8	0.3078184161364471	True	True	visible	13	False
ENSG00000226824.6	0.23835445555358808	False	False	none	33	False
ENSG00000233818.1	0.07661141833546142	True	False	gene_only	12	False
ENSG00000224905.6	0.18808916254476038	True	False	gene_only	22	False
ENSG00000224596.7	0.590862618023871	True	True	visible	25	False
ENSG00000177788.5	0.05994490384740355	False	False	none	27	False
ENSG00000233221.6	0.0034476297163803307	False	False	none	7	True
ENSG00000227117.6	0.07691952334916652	True	False	gene_only	26	False
ENSG00000223403.3	0.018091019846890176	True	False	gene_only	18	False
ENSG00000224945.1	0.0067065994385028666	True	False	gene_only	10	False
ENSG00000228061.5	0.1248883939504097	False	False	none	16	False
ENSG00000230513.1	0.04173650757908197	True	False	gene_only	61	False
ENSG00000225339.3	0.12893670397948573	False	False	none	30	False
ENSG00000231764.8	0.017157653328226448	False	False	none	11	False
ENSG00000224790.2	0.04297387201134481	True	False	gene_only	25	False
ENSG00000228016.1	0.017386254240538433	False	False	none	16	False
ENSG00000231187.2	0.4920812051599759	True	True	visible	52	False
ENSG00000236790.5	0.0715981789939051	False	False	none	12	False
ENSG00000236871.7	0.146441863127112	False	False	none	8	True
ENSG00000239415.1	0.0639824069758334	True	False	gene_only	17	False
ENSG00000231064.7	0.16909941081522153	True	True	visible	28	False
ENSG00000223382.4	0.09452113309442675	False	False	none	9	True
ENSG00000227811.2	0.03445239000792935	True	False	gene_only	46	False
ENSG00000277147.4	0.2580576766623171	True	True	visible	66	False
ENSG00000229647.1	0.006442832313837084	True	False	gene_only	10	False
ENSG00000227544.8	0.06471419941720792	True	False	gene_only	37	False
ENSG00000227128.4	0.02668641220559949	True	False	gene_only	16	False
ENSG00000225706.1	0.04653012255336371	True	False	gene_only	29	False
ENSG00000230606.10	0.06331658342970053	True	False	gene_only	61	False
ENSG00000231298.6	0.07010458479706341	False	False	none	7	True
ENSG00000237499.6	0.038773168416521515	True	False	gene_only	11	False
ENSG00000232044.6	0.040955770925392224	True	False	gene_only	19	False
ENSG00000226251.5	0.03666866965723346	False	False	none	23	False
ENSG00000236740.6	0.0	False	False	none	6	True
ENSG00000230615.6	0.4951429108892167	True	True	visible	32	False
ENSG00000254929.6	0.025883025886565936	True	False	gene_only	53	False
ENSG00000232485.2	0.40009947131644297	False	False	none	17	False
ENSG00000227388.2	0.014427162319326389	True	False	gene_only	27	False
ENSG00000234506.5	0.031891732645198075	True	False	gene_only	11	False
ENSG00000228412.7	0.5654305089650675	False	True	silent	10	False
ENSG00000228701.1	0.08730569259792946	True	False	gene_only	50	False
ENSG00000204685.6	0.08910879756852284	False	False	none	40	False
ENSG00000228791.7	0.2327525482333003	False	False	none	20	False
ENSG00000235026.5	0.015758894904768346	False	False	none	19	False
ENSG00000233334.3	0.059418894721391106	True	False	gene_only	17	False
ENSG00000233251.7	0.07872386157749516	True	False	gene_only	49	False
ENSG00000230368.2	0.0	True	False	gene_only	13	False
ENSG00000235437.7	0.14493899310702102	True	True	visible	67	False
ENSG00000230461.8	0.1477263650014127	True	False	gene_only	22	False
ENSG00000228065.10	0.29591355419485277	False	False	none	8	True
ENSG00000249700.8	0.5253834879598519	True	True	visible	33	False
ENSG00000248275.1	0.06433112205481073	True	True	visible	68	False
ENSG00000229743.2	0.0037992490974260423	True	False	gene_only	17	False
ENSG00000224046.1	0.22305991451425722	True	True	visible	67	False
ENSG00000271860.6	0.05475450543747788	False	False	none	11	False
ENSG00000234840.1	0.0	True	False	gene_only	14	False
ENSG00000228436.2	0.23720819078386013	True	True	visible	62	False
ENSG00000233038.5	0.11495016487544901	True	True	visible	13	False
ENSG00000225302.2	0.01687044738735035	True	False	gene_only	53	False
ENSG00000231574.5	2.2017416533499142e-05	False	False	none	10	False
ENSG00000230084.5	0.019201453781256952	True	False	gene_only	56	False
ENSG00000227060.6	0.00031853239001723623	False	False	none	6	True
ENSG00000233532.5	0.012591007718931367	True	False	gene_only	11	False
ENSG00000227115.7	0.01162378117878599	True	False	gene_only	18	False
ENSG00000223891.5	0.29528699020069477	True	True	visible	60	False
ENSG00000233005.1	0.474144248682759	False	True	silent	11	False
ENSG00000237595.3	0.03058053436862917	False	False	none	8	True
ENSG00000230148.8	0.08345875976437336	True	False	gene_only	35	False
ENSG00000235706.7	0.25155181672957727	True	True	visible	65	False
ENSG00000230337.1	0.03164895362444715	True	False	gene_only	31	False
ENSG00000203709.11	0.01815819657557236	True	False	gene_only	64	False
ENSG00000233593.8	0.4512374528018895	True	True	visible	67	False
ENSG00000225434.2	0.06547088144719959	True	False	gene_only	25	False
ENSG00000236008.1	0.01019366588945687	True	False	gene_only	52	False
ENSG00000229797.1	0.0892007215576739	True	False	gene_only	11	False
ENSG00000227403.1	0.0004904360368747137	False	False	none	14	False
ENSG00000175772.10	0.004392206019644094	True	False	gene_only	27	False
ENSG00000232628.5	0.40409617150892607	False	True	silent	13	False
ENSG00000234336.6	0.4250354892766029	True	True	visible	25	False
ENSG00000236939.2	0.03556246970366749	False	False	none	19	False
ENSG00000231160.9	0.3266193479199059	True	True	visible	43	False
ENSG00000229124.6	0.0004236227770672979	False	False	none	13	False
ENSG00000231769.2	0.08827929868439577	True	False	gene_only	44	False
ENSG00000229896.2	0.012614139349991007	False	False	none	14	False
ENSG00000233058.1	0.21965228221045274	True	True	visible	38	False
ENSG00000230487.7	0.31020268464295087	False	True	silent	62	False
ENSG00000236208.1	0.0073110954842889615	True	False	gene_only	22	False
ENSG00000230490.2	0.0975862221159107	False	False	none	8	True
ENSG00000249307.5	0.19549669288939947	True	False	gene_only	40	False
ENSG00000203706.8	0.04569623983179712	True	False	gene_only	49	False
ENSG00000180139.11	0.027045480361751948	True	False	gene_only	17	False
ENSG00000231212.1	0.06436047815125781	False	False	none	10	False
ENSG00000230725.5	0.023937086804434734	True	False	gene_only	19	False
ENSG00000231437.3	0.010495761546388514	True	False	gene_only	32	False
ENSG00000223812.5	0.008563335187409345	False	False	none	8	True
ENSG00000235501.5	0.038413139371907074	True	False	gene_only	64	False
ENSG00000225793.2	0.16314860335412212	False	False	none	15	False
ENSG00000234665.8	0.1508460416004579	False	False	none	26	False
ENSG00000226686.7	0.2910492293792001	True	True	visible	43	False
ENSG00000228127.2	0.015585711045696685	False	False	none	7	True
ENSG00000228221.5	0.19399242786546733	False	True	silent	12	False
ENSG00000236039.2	0.412824845137823	True	True	visible	21	False
ENSG00000237813.3	0.14244740440323472	False	True	silent	15	False
ENSG00000224914.3	0.034162641896285977	False	False	none	23	False
ENSG00000223485.2	0.22704164164289486	True	True	visible	23	False
ENSG00000227071.1	0.0	False	False	none	18	False
ENSG00000238197.5	0.16635346590020245	False	True	silent	18	False
ENSG00000225595.2	0.0	False	False	none	22	False
ENSG00000237188.3	0.3912481519611846	True	True	visible	65	False
ENSG00000233705.6	0.07015377743556878	False	True	silent	11	False
ENSG00000231908.1	0.09132094334779065	True	False	gene_only	57	False
ENSG00000274020.2	0.5014019578685646	True	True	visible	56	False
ENSG00000241764.3	0.07017211289017299	False	False	none	66	False
ENSG00000226403.1	0.013008526385412916	True	False	gene_only	36	False
ENSG00000236947.5	0.059448872945725775	False	False	none	13	False
ENSG00000232406.6	0.057556753594304594	False	False	none	17	False
ENSG00000235513.1	0.009682726262806054	True	False	gene_only	40	False
ENSG00000250608.1	0.18134361210503103	True	False	gene_only	32	False
ENSG00000227039.6	0.0034175034905336685	True	False	gene_only	11	False
ENSG00000227591.5	0.42613147804617624	True	True	visible	38	False
ENSG00000227053.1	0.37569705357131855	True	True	visible	30	False
ENSG00000277631.4	0.13749229514083158	False	False	none	19	False
ENSG00000232645.5	0.30911340105542173	True	True	visible	32	False
ENSG00000234350.4	0.02990328933956313	True	False	gene_only	21	False
ENSG00000226200.6	0.006200494546266594	False	False	none	48	False
ENSG00000228651.1	0.01806298544549075	False	False	none	7	True
ENSG00000225855.6	0.21878270961396745	True	True	visible	59	False
ENSG00000225489.6	0.08898202723314207	True	False	gene_only	14	False
ENSG00000232977.6	0.07154087850447408	False	False	none	16	False
ENSG00000228863.8	0.05982396997459623	True	False	gene_only	14	False
ENSG00000228408.6	0.036886533987250114	False	False	none	15	False
ENSG00000267532.5	0.05330213198829042	True	True	visible	66	False
ENSG00000224699.8	0.6565295075257381	True	True	visible	59	False
ENSG00000272168.6	0.29520316808864183	True	True	visible	38	False
ENSG00000237372.2	0.10803153410814524	True	True	visible	17	False
ENSG00000223414.2	0.005305700069847913	True	False	gene_only	13	False
ENSG00000227258.5	0.5600171961182671	True	True	visible	50	False
ENSG00000236144.6	0.11014270230314546	True	False	gene_only	27	False
ENSG00000224318.5	0.02860085564721777	False	False	none	26	False
ENSG00000244041.7	0.284893530106006	True	True	visible	43	False
ENSG00000228393.3	0.4406645787735356	True	True	visible	46	False
ENSG00000237943.6	0.09386908392859872	True	False	gene_only	40	False
ENSG00000229619.3	0.008986596006233603	True	False	gene_only	57	False
ENSG00000225778.5	0.03197729100420771	True	False	gene_only	36	False
ENSG00000237310.1	0.009497005055985004	True	False	gene_only	67	False
ENSG00000234684.6	0.08962720246155832	True	False	gene_only	55	False
ENSG00000233184.6	0.04731794521869288	True	False	gene_only	67	False
ENSG00000233178.7	0.23059595799545043	True	False	gene_only	52	False
ENSG00000237512.6	0.32656982544758406	True	True	visible	36	False
ENSG00000215481.9	0.03839744413153283	True	False	gene_only	10	False
ENSG00000145063.14	0.1013744458629704	False	True	silent	11	False
ENSG00000234520.5	0.003490219291005551	True	False	gene_only	20	False
ENSG00000232671.5	0.049976066495336556	False	False	none	34	False
ENSG00000231133.6	0.003480949536030843	True	False	gene_only	16	False
ENSG00000163597.14	0.13385941166973508	True	True	visible	68	False
ENSG00000281398.2	0.11744125528637192	True	False	gene_only	25	False
ENSG00000233527.8	0.17280809835017485	True	True	visible	62	False
ENSG00000229425.2	0.6656520049807966	True	True	visible	21	False
ENSG00000235978.6	0.31585464846168043	True	True	visible	18	False
ENSG00000231113.2	0.01686252764191639	True	False	gene_only	29	False
ENSG00000227954.6	0.4200895476283335	False	True	silent	14	False
ENSG00000225792.1	0.04897245652025971	True	False	gene_only	28	False
ENSG00000227165.7	0.1486108996149909	False	False	none	7	True
ENSG00000229116.2	0.009321682066021807	True	False	gene_only	38	False
ENSG00000235652.7	0.3344681080954258	True	False	gene_only	43	False
ENSG00000232354.8	0.08359797432439917	False	False	none	13	False
ENSG00000234949.2	0.012077678287762496	False	False	none	16	False
ENSG00000235919.4	0.024815972017266194	True	False	gene_only	64	False
ENSG00000233396.7	0.15430542359087646	True	True	visible	58	False
ENSG00000227634.2	0.0247423674356707	False	False	none	9	True
ENSG00000225791.6	0.049313024993758364	True	False	gene_only	66	False
ENSG00000270604.5	0.012614140281313581	False	False	none	12	False
ENSG00000227036.6	0.37247237024087065	True	True	visible	22	False
ENSG00000237938.5	0.023475403255401508	False	False	none	8	True
ENSG00000233006.6	0.1525414235794187	True	True	visible	60	False
ENSG00000225963.7	0.06458863002964943	False	False	none	9	True
ENSG00000231731.7	0.2596623836711125	True	False	gene_only	21	False
ENSG00000233672.6	0.20611110544096994	True	False	gene_only	15	False
ENSG00000225361.3	0.028350354172083266	False	False	none	19	False
ENSG00000240350.2	0.0022357455249603893	True	False	gene_only	18	False
ENSG00000227455.2	0.0168704455247052	False	False	none	8	True
ENSG00000235979.8	0.32735332106704434	True	True	visible	12	False
ENSG00000227354.6	0.08694493303338527	True	False	gene_only	59	False
ENSG00000231856.2	0.06498118122642475	True	False	gene_only	40	False
ENSG00000228812.7	0.11876191027259947	True	False	gene_only	34	False
ENSG00000250903.8	0.22711106420808813	True	False	gene_only	65	False
ENSG00000213904.8	0.18542982268115138	True	True	visible	57	False
ENSG00000235560.3	0.018413903278268084	True	False	gene_only	62	False
ENSG00000180539.7	0.005577944340285398	True	False	gene_only	25	False
ENSG00000235531.9	0.14370993571390767	True	True	visible	40	False
ENSG00000225655.5	0.3288725876899102	True	True	visible	13	False
ENSG00000228775.7	0.09240292996934031	False	False	none	7	True
ENSG00000240086.5	0.05972370623415502	False	False	none	8	True
ENSG00000271147.7	0.21048703293897886	True	True	visible	64	False
ENSG00000175061.17	0.14531707187210122	True	True	visible	67	False
ENSG00000243176.5	0.3490254859454769	True	True	visible	43	False
ENSG00000241684.5	0.029344473830870774	False	False	none	8	True
ENSG00000204934.10	0.07917192588811164	False	False	none	7	True
ENSG00000242808.7	0.02755427041761463	True	False	gene_only	19	False
ENSG00000197989.13	0.19012265636964304	True	True	visible	67	False
ENSG00000239213.5	0.0375059796986222	True	False	gene_only	65	False
ENSG00000239445.5	0.10375896528491205	True	False	gene_only	32	False
ENSG00000267272.5	0.7963942702127407	True	True	visible	47	False
ENSG00000244479.6	0.027309565765948337	True	False	gene_only	22	False
ENSG00000241163.7	0.5940027420348157	False	True	silent	9	True
ENSG00000241472.6	0.11435577812002318	False	False	none	7	True
ENSG00000242474.2	0.10626803542351748	False	False	none	7	True
ENSG00000242516.1	0.11318001008386146	True	False	gene_only	35	False
ENSG00000239523.5	0.08248132128346461	True	False	gene_only	51	False
ENSG00000243926.1	0.09421513629758005	True	False	gene_only	61	False
ENSG00000242428.5	0.007043773849887094	True	False	gene_only	10	False
ENSG00000240137.5	0.06934568901339186	True	False	gene_only	54	False
ENSG00000244300.2	0.07181242704244264	True	False	gene_only	43	False
ENSG00000227733.9	0.37555424804122484	True	True	visible	37	False
ENSG00000241316.6	0.21911808321797518	True	False	gene_only	36	False
ENSG00000240207.6	0.12365641597704956	True	False	gene_only	25	False
ENSG00000241860.6	0.0648049225104681	True	False	gene_only	62	False
ENSG00000271554.1	0.02092897629798103	False	False	none	9	True
ENSG00000243836.5	0.014541797979458202	False	False	none	10	False
ENSG00000243701.5	0.19919548982896082	True	True	visible	49	False
ENSG00000239922.1	0.10665481374859709	True	True	visible	24	False
ENSG00000242242.5	0.09091537435327904	False	False	none	8	True
ENSG00000240005.5	0.27770573622909234	False	True	silent	40	False
ENSG00000282057.1	0.2522915790821353	True	False	gene_only	17	False
ENSG00000243069.7	0.05567737499135318	True	True	visible	32	False
ENSG00000241135.5	0.01600833892855947	True	True	visible	33	False
ENSG00000239332.5	0.042319339224930294	True	False	gene_only	19	False
ENSG00000206573.8	0.2097000175154414	True	True	visible	67	False
ENSG00000242686.4	0.03917082648422561	True	False	gene_only	15	False
ENSG00000241288.7	0.5379012265813718	True	True	visible	49	False
ENSG00000242622.1	0.08633649206439767	True	False	gene_only	10	False
ENSG00000243083.5	0.39498669842258916	True	True	visible	11	False
ENSG00000272030.1	0.00537953545867002	False	False	none	6	True
ENSG00000196668.3	0.03544441754793958	True	False	gene_only	22	False
ENSG00000244128.5	0.026873688266309502	True	False	gene_only	10	False
ENSG00000241158.5	0.23093331534749112	False	True	silent	11	False
ENSG00000240859.1	0.012858987511423073	True	False	gene_only	39	False
ENSG00000256124.5	0.05467333657624086	True	False	gene_only	14	False
ENSG00000240875.5	0.04560246801387591	True	False	gene_only	40	False
ENSG00000242759.6	0.20944515941019953	True	True	visible	58	False
ENSG00000269609.5	0.15587223873053815	True	False	gene_only	58	False
ENSG00000257524.5	0.003132066138643766	False	False	none	14	False
ENSG00000251396.6	0.05527020221317648	False	False	none	7	True
ENSG00000241570.8	0.17431491644579172	True	True	visible	43	False
ENSG00000239677.6	0.01932196374432883	False	False	none	6	True
ENSG00000240990.9	0.017301790993661303	True	False	gene_only	16	False
ENSG00000276850.4	0.13477622038648512	True	False	gene_only	16	False
ENSG00000244513.6	0.3020001315758348	False	False	none	12	False
ENSG00000239381.6	0.016870449984982022	False	False	none	9	True
ENSG00000270164.1	0.04437924924889168	False	False	none	14	False
ENSG00000284048.1	0.028284119263450085	True	False	gene_only	60	False
ENSG00000242593.5	0.025960293414380737	True	False	gene_only	18	False
ENSG00000261606.5	0.03057501300017433	False	False	none	13	False
ENSG00000238755.3	0.02092573607222016	False	False	none	7	True
ENSG00000243193.4	0.1501618379262162	False	False	none	7	True
ENSG00000247828.7	0.19643465158989137	True	True	visible	68	False
ENSG00000246273.6	0.09230827503153151	True	True	visible	65	False
ENSG00000248049.6	0.1698889591540276	True	True	visible	64	False
ENSG00000245750.7	0.22836604210380435	True	False	gene_only	16	False
ENSG00000245248.7	0.11736167145453161	True	False	gene_only	41	False
ENSG00000246223.8	0.24115100845921913	True	True	visible	40	False
ENSG00000245573.7	0.10877949352188815	True	False	gene_only	24	False
ENSG00000245293.2	0.051899165721526475	True	False	gene_only	43	False
ENSG00000246985.7	0.06728328970428687	True	False	gene_only	44	False
ENSG00000245498.6	0.15077952602991282	True	True	visible	20	False
ENSG00000246090.6	0.16245077057255153	True	False	gene_only	34	False
ENSG00000245146.6	0.4163806326784629	True	True	visible	33	False
ENSG00000247240.7	0.029735949632907203	True	False	gene_only	56	False
ENSG00000245468.3	0.1826018886954072	True	False	gene_only	51	False
ENSG00000247157.6	0.05189917317210707	True	False	gene_only	33	False
ENSG00000247193.2	0.01835370028983431	False	False	none	18	False
ENSG00000245213.6	0.4553716059026843	True	True	visible	14	False
ENSG00000244879.6	0.04543816947272336	True	True	visible	68	False
ENSG00000245937.7	0.10843797507830559	True	True	visible	68	False
ENSG00000247950.6	0.14751873679802763	True	False	gene_only	38	False
ENSG00000245149.3	0.22327056976519413	True	True	visible	51	False
ENSG00000246430.6	0.025212596102936906	True	False	gene_only	12	False
ENSG00000247708.7	0.1807479926388274	True	False	gene_only	38	False
ENSG00000247796.2	0.028383351313785977	True	False	gene_only	34	False
ENSG00000247400.3	0.01294061710664516	True	False	gene_only	58	False
ENSG00000246523.7	0.1363050657896009	False	False	none	26	False
ENSG00000247081.7	0.7373963685410537	False	True	silent	23	False
ENSG00000245281.6	0.47571302880640215	True	True	visible	51	False
ENSG00000246982.6	0.06823359434098646	False	False	none	13	False
ENSG00000245812.2	0.05868118614462923	True	False	gene_only	17	False
ENSG00000246263.2	0.03586482460726939	True	False	gene_only	57	False
ENSG00000246731.2	0.08001499288559348	True	False	gene_only	25	False
ENSG00000245904.3	0.2121127927231166	True	True	visible	49	False
ENSG00000245532.7	0.0045497788373962235	True	True	visible	68	False
ENSG00000246100.3	0.07035174830523235	True	False	gene_only	27	False
ENSG00000245888.6	0.46108189307364483	True	False	gene_only	23	False
ENSG00000245849.6	0.016903564539675217	True	False	gene_only	65	False
ENSG00000247287.2	0.16919483948206493	True	True	visible	30	False
ENSG00000246695.7	0.07288484080401685	True	False	gene_only	67	False
ENSG00000246174.7	0.20733131257864482	True	False	gene_only	49	False
ENSG00000246089.3	0.14729679621103517	True	True	visible	62	False
ENSG00000247572.7	0.3653959526443178	True	True	visible	50	False
ENSG00000246889.2	0.11538009786284517	True	False	gene_only	51	False
ENSG00000246022.2	0.017674897488876323	False	False	none	30	False
ENSG00000247774.6	0.12617166523840745	True	False	gene_only	50	False
ENSG00000247092.6	0.28492487977980474	True	True	visible	67	False
ENSG00000247095.2	0.11550374935129258	True	True	visible	62	False
ENSG00000245614.3	0.10910373938854422	False	False	none	27	False
ENSG00000247416.2	0.004591448574876301	False	False	none	20	False
ENSG00000247137.8	0.3125403583136379	True	True	visible	66	False
ENSG00000245598.6	0.09891754452204074	False	False	none	6	True
ENSG00000244968.6	0.049802579281011984	True	False	gene_only	51	False
ENSG00000248019.2	0.049738436701892486	True	False	gene_only	32	False
ENSG00000247134.6	0.03855591666277576	True	False	gene_only	62	False
ENSG00000246582.2	0.023428688118897006	False	False	none	12	False
ENSG00000247556.6	0.07023683408959247	True	True	visible	68	False
ENSG00000246067.7	0.13273931313796736	True	True	visible	67	False
ENSG00000247271.6	0.06150065971571636	False	True	silent	67	False
ENSG00000246528.3	0.20485269412631613	False	True	silent	25	False
ENSG00000248079.2	0.024747483334109317	True	False	gene_only	30	False
ENSG00000245694.9	0.6816475083933334	True	True	visible	52	False
ENSG00000246339.5	0.0630189134175759	True	False	gene_only	24	False
ENSG00000246379.6	0.04010618297911058	True	False	gene_only	37	False
ENSG00000245275.7	0.2608145657697476	False	False	none	11	False
ENSG00000247121.6	0.03377681121606323	True	False	gene_only	35	False
ENSG00000245552.6	0.33291153026692666	False	False	none	18	False
ENSG00000214432.9	0.06601849050834321	True	False	gene_only	21	False
ENSG00000246662.6	0.06166744004938937	False	False	none	8	True
ENSG00000245017.2	0.14768449625261432	True	False	gene_only	25	False
ENSG00000247982.6	0.11271178132216578	False	False	none	24	False
ENSG00000245571.6	0.09144382810409678	True	False	gene_only	37	False
ENSG00000245685.6	0.1706770357603376	True	False	gene_only	16	False
ENSG00000245060.6	0.07778009840216324	True	False	gene_only	64	False
ENSG00000247516.6	0.04754378286493283	True	False	gene_only	67	False
ENSG00000247675.6	0.08800565046287451	False	False	none	20	False
ENSG00000245025.2	0.00025065648911222656	False	False	none	11	False
ENSG00000247809.7	0.468282333540532	True	True	visible	40	False
ENSG00000247317.3	0.31094753147986454	True	True	visible	37	False
ENSG00000250320.5	0.27552464858987014	False	False	none	14	False
ENSG00000245526.10	0.21863692392082235	True	True	visible	19	False
ENSG00000237125.8	0.3433055282591172	True	True	visible	31	False
ENSG00000178722.12	0.1664461030773947	False	False	none	8	True
ENSG00000250365.6	0.1388140190027692	False	False	none	6	True
ENSG00000250802.6	0.37134455499395136	False	True	silent	35	False
ENSG00000249267.6	0.062301212895090774	True	False	gene_only	22	False
ENSG00000251372.5	0.0024324409469453096	False	False	none	11	False
ENSG00000249328.2	0.3244311978402181	True	True	visible	16	False
ENSG00000248714.6	0.0633906601568398	False	False	none	6	True
ENSG00000248161.5	0.1903922662804558	True	True	visible	52	False
ENSG00000248890.1	0.0051209159560100595	True	False	gene_only	37	False
ENSG00000250938.5	0.208631456720142	True	False	gene_only	28	False
ENSG00000249364.5	0.08041315087817855	True	False	gene_only	17	False
ENSG00000237187.8	0.1285380029423376	True	True	visible	43	False
ENSG00000248174.5	0.2220807537919622	False	False	none	12	False
ENSG00000251141.5	0.5010108239826445	True	True	visible	56	False
ENSG00000249592.5	0.09880909553828283	True	False	gene_only	54	False
ENSG00000251442.5	0.1393249420075648	True	False	gene_only	36	False
ENSG00000248587.7	0.29259682336576315	True	False	gene_only	14	False
ENSG00000250999.1	0.020383136066348728	True	False	gene_only	29	False
ENSG00000250041.2	0.13098757746084355	True	True	visible	15	False
ENSG00000248092.7	0.07712276529412648	True	True	visible	67	False
ENSG00000250007.6	0.0	False	False	none	6	True
ENSG00000250328.5	0.03518360377890676	True	True	visible	16	False
ENSG00000250132.6	0.21446850021684172	True	True	visible	59	False
ENSG00000248429.5	0.029028668032048427	False	False	none	14	False
ENSG00000251022.6	0.05473075442312389	True	False	gene_only	68	False
ENSG00000249673.6	0.321440577047297	True	True	visible	52	False
ENSG00000249509.1	0.0037644365902734893	False	False	none	11	False
ENSG00000251136.8	0.2789423449526552	True	False	gene_only	49	False
ENSG00000251364.6	0.3934982474755585	True	True	visible	13	False
ENSG00000248508.6	0.16406730152828525	True	True	visible	68	False
ENSG00000249042.5	0.14851926109318125	True	True	visible	56	False
ENSG00000251602.6	0.044531333297696964	True	False	gene_only	59	False
ENSG00000249306.5	0.2922642496590364	False	True	silent	22	False
ENSG00000249816.6	0.1685754473507201	False	False	none	11	False
ENSG00000249859.9	0.334821757749587	True	True	visible	39	False
ENSG00000249846.6	0.03416263817099568	False	False	none	19	False
ENSG00000248858.7	0.014435073408176194	False	False	none	10	False
ENSG00000152931.7	0.38113991450987206	False	True	silent	10	False
ENSG00000250073.2	0.10983861565120652	True	True	visible	25	False
ENSG00000251432.6	0.20245106768772697	True	True	visible	21	False
ENSG00000248360.7	0.005222283043169548	True	False	gene_only	66	False
ENSG00000251165.5	0.5487949406953986	True	True	visible	20	False
ENSG00000251450.1	0.009151072891802638	False	False	none	11	False
ENSG00000249669.9	0.15870386766800115	True	True	visible	62	False
ENSG00000250241.5	0.01538596837426571	True	False	gene_only	14	False
ENSG00000196810.4	0.1405345434338909	True	True	visible	66	False
ENSG00000250056.5	0.07103692613522852	True	True	visible	24	False
ENSG00000250451.5	0.026463742117369474	False	True	silent	16	False
ENSG00000249203.1	0.020484203110309615	False	False	none	12	False
ENSG00000250208.6	0.1201447059543395	True	False	gene_only	18	False
ENSG00000248455.5	0.0025392782247212337	False	False	none	11	False
ENSG00000249487.6	0.13480141868254925	False	True	silent	12	False
ENSG00000249740.2	0.35806909861940955	True	True	visible	27	False
ENSG00000249173.5	0.02782488768722225	True	False	gene_only	11	False
ENSG00000249249.1	0.09857481698588436	True	False	gene_only	50	False
ENSG00000248810.1	0.04763300406657298	False	False	none	17	False
ENSG00000250198.1	0.02250471374742314	True	False	gene_only	9	True
ENSG00000250891.1	0.01787381776357111	True	False	gene_only	15	False
ENSG00000250846.6	3.249488046591555e-05	False	False	none	7	True
ENSG00000250326.1	0.02849546644285337	False	False	none	9	True
ENSG00000281501.1	0.25184550932687166	True	True	visible	67	False
ENSG00000250012.1	0.035623377479996735	True	False	gene_only	41	False
ENSG00000251661.3	0.06377924637693508	True	False	gene_only	63	False
ENSG00000249464.5	0.10820027024500765	False	True	silent	36	False
ENSG00000250786.1	0.0778887903397367	True	False	gene_only	58	False
ENSG00000250159.6	0.25515152250754547	True	True	visible	46	False
ENSG00000248668.2	0.034318999634213976	False	False	none	8	True
ENSG00000250978.5	3.302575443053793e-08	True	False	gene_only	17	False
ENSG00000248309.7	0.3063512187273907	True	True	visible	47	False
ENSG00000250742.2	0.034162641896285977	True	False	gene_only	47	False
ENSG00000248441.6	0.1536608463007117	True	False	gene_only	45	False
ENSG00000250548.6	0.0771815493754179	True	True	visible	15	False
ENSG00000251562.7	0.0003283987721392614	True	True	visible	68	False
ENSG00000250222.1	0.08646059971315974	True	True	visible	65	False
ENSG00000248671.7	0.11683108246460827	True	True	visible	24	False
ENSG00000248636.6	0.14855610928041768	True	False	gene_only	30	False
ENSG00000251151.2	0.024514917829011405	True	False	gene_only	14	False
ENSG00000249532.5	0.02422846488170928	True	False	gene_only	30	False
ENSG00000251257.2	0.013475571068913408	True	False	gene_only	20	False
ENSG00000251230.5	0.0006100912982567397	True	False	gene_only	11	False
ENSG00000250934.1	0.1912485588211385	True	False	gene_only	38	False
ENSG00000251637.6	0.7620059793881431	True	True	visible	54	False
ENSG00000248994.1	0.03275994378046971	True	False	gene_only	26	False
ENSG00000248738.6	0.0	True	False	gene_only	11	False
ENSG00000248323.5	0.028431191716784848	True	False	gene_only	28	False
ENSG00000248801.6	0.008671457686994993	True	False	gene_only	19	False
ENSG00000196951.10	0.189400321638875	True	True	visible	67	False
ENSG00000251580.1	0.023267360829415704	True	False	gene_only	67	False
ENSG00000251002.7	0.7500579280217728	False	False	none	7	True
ENSG00000249738.8	0.8519772032460148	False	True	silent	32	False
ENSG00000249898.7	0.14722796102611002	False	True	silent	18	False
ENSG00000253320.5	0.3367369556246208	True	True	visible	59	False
ENSG00000253716.5	0.13983126481534833	True	True	visible	67	False
ENSG00000253773.2	0.3334060553981051	False	False	none	11	False
ENSG00000254109.5	0.09482950493508178	True	False	gene_only	25	False
ENSG00000253552.7	0.17225695386455728	True	True	visible	16	False
ENSG00000253230.8	0.02603149124361983	True	False	gene_only	19	False
ENSG00000253764.1	0.004998695044726165	False	False	none	8	True
ENSG00000253549.5	0.11447674680954932	True	False	gene_only	31	False
ENSG00000253686.1	0.09260785138015205	True	False	gene_only	13	False
ENSG00000253426.5	0.01856465338103016	True	False	gene_only	28	False
ENSG00000167912.5	0.1689152657455295	True	True	visible	37	False
ENSG00000253210.1	0.03452008425029694	False	False	none	21	False
ENSG00000253982.1	0.17760550923954846	True	True	visible	68	False
ENSG00000253661.1	0.10357858314150153	True	True	visible	23	False
ENSG00000273345.5	0.25741567717138136	True	True	visible	47	False
ENSG00000254235.5	0.6045139075676368	True	True	visible	10	False
ENSG00000253123.3	0.02926342338272211	False	False	none	10	False
ENSG00000204758.7	0.04338444224355996	False	False	none	20	False
ENSG00000253352.8	0.026461438984718425	True	True	visible	67	False
ENSG00000253214.1	0.03007117975523188	False	False	none	17	False
ENSG00000253633.1	0.0007310213202667178	False	False	none	11	False
ENSG00000253187.2	0.07387093213226134	True	True	visible	16	False
ENSG00000253807.5	0.07142362542034325	True	True	visible	33	False
ENSG00000253161.5	0.049010903054099164	True	True	visible	11	False
ENSG00000253671.1	0.01930360942256913	True	False	gene_only	16	False
ENSG00000254211.5	0.029001907406900024	True	False	gene_only	28	False
ENSG00000245910.8	0.12448484254707315	True	True	visible	68	False
ENSG00000253389.2	0.07646696124766347	True	False	gene_only	26	False
ENSG00000254343.2	0.02946423472412075	True	False	gene_only	41	False
ENSG00000253559.1	0.08967296358398456	True	False	gene_only	19	False
ENSG00000254377.5	0.06250140400483423	False	False	none	19	False
ENSG00000253177.1	0.04374041388368241	False	False	none	14	False
ENSG00000254231.1	0.0701046028845467	False	False	none	6	True
ENSG00000254615.2	0.06523527452032005	True	True	visible	39	False
ENSG00000253642.5	0.08035214997008226	False	False	none	10	False
ENSG00000253738.1	0.15780461915189825	True	True	visible	67	False
ENSG00000253842.1	0.005477464726186505	False	False	none	14	False
ENSG00000254363.6	0.004919381333531916	False	False	none	9	True
ENSG00000253877.5	0.008737436971889424	True	False	gene_only	14	False
ENSG00000255248.7	0.5196120264231222	True	True	visible	63	False
ENSG00000254427.1	0.29123885585767234	True	False	gene_only	36	False
ENSG00000255328.1	0.090928310338392	False	False	none	32	False
ENSG00000255062.1	0.16902280355500926	True	True	visible	65	False
ENSG00000255026.1	0.0	False	False	none	10	False
ENSG00000254560.5	0.13328483571931055	False	False	none	8	True
ENSG00000196696.12	0.06441130204823041	True	False	gene_only	67	False
ENSG00000254860.5	0.017262162847656415	True	False	gene_only	31	False
ENSG00000177112.7	0.2664723550823641	True	True	visible	34	False
ENSG00000254489.1	0.0005962186358960762	False	False	none	7	True
ENSG00000255284.1	0.23957417937030157	True	True	visible	67	False
ENSG00000255435.6	0.10072926166644885	False	False	none	22	False
ENSG00000254510.1	0.049910315288513016	False	False	none	10	False
ENSG00000255121.2	0.04292066517882693	False	False	none	7	True
ENSG00000255129.5	0.04952615717935205	False	False	none	19	False
ENSG00000254614.2	0.06735992761001325	True	False	gene_only	41	False
ENSG00000230724.9	0.10520103195109484	False	True	silent	16	False
ENSG00000255458.5	0.08942859019589847	False	False	none	40	False
ENSG00000255031.5	0.05127532723961456	True	False	gene_only	16	False
ENSG00000255182.2	0.2701935446969992	True	False	gene_only	14	False
ENSG00000255517.6	0.07745260997815798	True	False	gene_only	66	False
ENSG00000254815.5	0.02864698473857172	True	False	gene_only	17	False
ENSG00000255197.5	0.15575706233611497	False	True	silent	17	False
ENSG00000254531.1	0.0055437308830322395	True	False	gene_only	64	False
ENSG00000204241.7	0.1381056511978019	True	False	gene_only	22	False
ENSG00000254635.5	0.018979564147466085	True	False	gene_only	67	False
ENSG00000254602.1	0.0	False	False	none	14	False
ENSG00000255545.7	0.11874443622108481	False	False	none	9	True
ENSG00000255399.3	0.042074992904349136	True	False	gene_only	31	False
ENSG00000260669.2	0.06168660651399431	True	False	gene_only	67	False
ENSG00000283341.1	0.04835637732930212	True	False	gene_only	34	False
ENSG00000215374.5	0.003450337788433469	False	False	none	9	True
ENSG00000254990.5	4.142960062693312e-05	True	False	gene_only	12	False
ENSG00000255234.5	0.0	True	False	gene_only	14	False
ENSG00000255135.3	0.034210140619537505	True	False	gene_only	66	False
ENSG00000255139.1	0.03930488533838343	False	False	none	15	False
ENSG00000255198.4	0.05670283465985702	True	True	visible	68	False
ENSG00000255468.6	0.5312556852142788	True	True	visible	45	False
ENSG00000175773.12	0.05850788019614281	False	False	none	15	False
ENSG00000258604.1	0.21734878752253523	True	True	visible	32	False
ENSG00000255363.2	0.015319667257315978	False	False	none	7	True
ENSG00000225138.7	0.058348801412613574	True	False	gene_only	43	False
ENSG00000256116.1	0.0	True	False	gene_only	19	False
ENSG00000256001.1	0.08419566513846927	True	False	gene_only	14	False
ENSG00000255693.1	0.024970366299446666	False	False	none	19	False
ENSG00000255717.6	0.07398265546081081	True	False	gene_only	68	False
ENSG00000255857.5	0.0823019994601635	True	True	visible	67	False
ENSG00000255650.5	0.004771387627827773	False	False	none	9	True
ENSG00000255571.8	0.09966743080572202	True	True	visible	22	False
ENSG00000256802.2	0.02422846301906413	True	False	gene_only	27	False
ENSG00000256540.1	0.09765185250666591	True	False	gene_only	24	False
ENSG00000256967.1	0.03943108679475717	True	False	gene_only	22	False
ENSG00000256654.3	0.1117124803750104	True	False	gene_only	18	False
ENSG00000256940.1	0.2375909043776392	True	True	visible	57	False
ENSG00000256508.2	0.028588264179412713	True	False	gene_only	22	False
ENSG00000256422.5	0.017275500717648246	True	False	gene_only	16	False
ENSG00000256008.2	0.02529603203276218	True	True	visible	18	False
ENSG00000256092.2	0.2063675157216396	True	False	gene_only	52	False
ENSG00000250988.7	0.11396166415207541	True	True	visible	67	False
ENSG00000255772.5	0.047609938847038985	False	False	none	21	False
ENSG00000257337.6	0.16152151105127288	True	True	visible	67	False
ENSG00000257698.1	0.02287178333548457	True	False	gene_only	68	False
ENSG00000257556.1	0.07164793347263118	True	False	gene_only	22	False
ENSG00000257242.7	0.6104758378023136	True	True	visible	17	False
ENSG00000257135.5	0.008054496837778993	False	False	none	6	True
ENSG00000258017.1	0.23990161774618196	True	False	gene_only	15	False
ENSG00000257913.2	0.15790402262842682	False	False	none	22	False
ENSG00000258325.2	0.17276010221301671	True	False	gene_only	43	False
ENSG00000257433.5	0.28639822000767723	True	False	gene_only	50	False
ENSG00000235884.3	0.04308189783552972	True	False	gene_only	18	False
ENSG00000257285.5	0.015086984847206782	True	False	gene_only	10	False
ENSG00000272368.2	0.03178241874745605	True	False	gene_only	66	False
ENSG00000258168.5	0.008133208899208325	True	False	gene_only	38	False
ENSG00000258297.1	0.0	True	False	gene_only	61	False
ENSG00000257595.2	0.1836567308771616	False	True	silent	10	False
ENSG00000258057.5	0.11818808974648917	True	False	gene_only	41	False
ENSG00000257252.5	0.05740851413987186	True	True	visible	20	False
ENSG00000257702.3	0.046744705341289494	True	False	gene_only	37	False
ENSG00000257599.1	0.09406105659366178	False	False	none	6	True
ENSG00000257815.5	0.05222585392363588	True	True	visible	67	False
ENSG00000257894.2	0.02563460760104828	True	False	gene_only	29	False
ENSG00000257303.1	0.003413250567331027	True	False	gene_only	67	False
ENSG00000257219.5	0.032488966235500405	False	False	none	24	False
ENSG00000257259.1	0.019339542050303915	False	False	none	15	False
ENSG00000257261.5	0.19971163460236957	True	True	visible	65	False
ENSG00000257621.7	0.1182377661635665	True	True	visible	67	False
ENSG00000257176.2	0.0619000575653763	True	False	gene_only	16	False
ENSG00000258702.1	6.610296301383487e-07	True	False	gene_only	11	False
ENSG00000259065.1	0.10153113692662563	True	False	gene_only	49	False
ENSG00000258867.5	0.17397770111353983	True	True	visible	11	False
ENSG00000258498.8	0.41344000553664445	False	True	silent	30	False
ENSG00000258733.5	0.09205873017688768	True	False	gene_only	14	False
ENSG00000258959.1	0.030117215712241432	True	False	gene_only	20	False
ENSG00000258458.5	0.21394881307725447	False	False	none	6	True
ENSG00000272888.5	0.2242998468518798	True	True	visible	67	False
ENSG00000258545.5	0.036215049447401684	True	False	gene_only	45	False
ENSG00000157306.14	0.25293963974727085	True	True	visible	47	False
ENSG00000259153.1	0.24469415298443753	True	True	visible	42	False
ENSG00000258301.3	0.02029444698619308	True	False	gene_only	27	False
ENSG00000258476.5	0.004534319051912639	True	False	gene_only	10	False
ENSG00000258584.1	0.06253882437243395	False	False	none	23	False
ENSG00000259146.3	0.010735828700426223	True	False	gene_only	38	False
ENSG00000258603.3	0.11962787717627922	True	False	gene_only	50	False
ENSG00000258561.1	0.02368298572521911	True	False	gene_only	23	False
ENSG00000258441.1	0.008383850660627029	True	False	gene_only	46	False
ENSG00000258752.1	0.06347515024374864	False	False	none	10	False
ENSG00000258819.1	0.06011183074647941	False	False	none	21	False
ENSG00000258754.7	0.07421654552726452	False	False	none	6	True
ENSG00000259118.5	0.0	True	False	gene_only	14	False
ENSG00000258580.1	0.002135305193260998	False	False	none	6	True
ENSG00000258910.2	0.16468786215364295	False	True	silent	13	False
ENSG00000259234.5	0.1698480854111159	False	False	none	6	True
ENSG00000259448.2	0.028677672481214347	True	False	gene_only	52	False
ENSG00000232386.9	0.05918466129649796	False	False	none	26	False
ENSG00000259370.2	0.006478603273884487	True	False	gene_only	48	False
ENSG00000259347.6	0.08385244815642673	True	True	visible	17	False
ENSG00000259772.6	0.34292250527444357	True	True	visible	11	False
ENSG00000259363.5	0.3737564816912456	True	True	visible	23	False
ENSG00000259345.5	0.8622655183792534	True	True	visible	32	False
ENSG00000259319.1	0.002428855965782633	True	False	gene_only	41	False
ENSG00000225766.9	0.14528253402611685	True	False	gene_only	17	False
ENSG00000189419.6	0.2659250337476944	True	True	visible	42	False
ENSG00000259291.2	0.004478727324321759	True	False	gene_only	61	False
ENSG00000259251.2	0.01068114550822085	False	False	none	13	False
ENSG00000259275.2	0.0005796038940184354	False	False	none	10	False
ENSG00000259248.5	0.5275723349924708	False	True	silent	29	False
ENSG00000259456.3	0.0025045196615268712	True	False	gene_only	33	False
ENSG00000259520.5	0.13404676257820528	False	False	none	42	False
ENSG00000259495.2	0.3729586783357788	True	True	visible	29	False
ENSG00000259343.5	0.11564582704558185	True	True	visible	27	False
ENSG00000259673.5	0.04981659306797021	True	False	gene_only	67	False
ENSG00000259446.5	0.3949070453169788	False	True	silent	16	False
ENSG00000176753.5	0.014435074339498769	False	False	none	12	False
ENSG00000259577.1	0.00581467185257936	True	False	gene_only	28	False
ENSG00000259583.2	0.23159829449952118	True	True	visible	20	False
ENSG00000234377.7	0.08744004295227797	False	False	none	9	True
ENSG00000259380.5	0.013260155277393772	True	False	gene_only	63	False
ENSG00000261824.6	0.2526391221324977	True	True	visible	66	False
ENSG00000260442.5	0.08391984560878087	True	False	gene_only	43	False
ENSG00000259964.6	0.16888145322849338	False	True	silent	8	True
ENSG00000260653.5	0.00024132302341516032	False	False	none	13	False
ENSG00000261008.6	0.8714002148126758	False	True	silent	20	False
ENSG00000261296.1	0.021153104632649807	True	False	gene_only	19	False
ENSG00000261227.2	0.04032534594567824	True	False	gene_only	10	False
ENSG00000213599.10	0.08790061243616998	True	False	gene_only	32	False
ENSG00000260186.5	0.10077240340345407	True	False	gene_only	30	False
ENSG00000259972.2	0.08747247689275416	True	False	gene_only	57	False
ENSG00000261094.2	0.1076369610843218	True	False	gene_only	24	False
ENSG00000261064.1	0.01655847237353739	True	False	gene_only	67	False
ENSG00000260469.2	0.021153108357940105	False	False	none	17	False
ENSG00000261801.5	0.18306408196594387	True	False	gene_only	30	False
ENSG00000261126.7	0.11684278777675755	True	False	gene_only	39	False
ENSG00000260750.5	0.008623772524779364	True	False	gene_only	11	False
ENSG00000260807.6	0.09513912420992612	True	False	gene_only	18	False
ENSG00000261487.1	0.034162629211641336	False	False	none	36	False
ENSG00000260565.6	0.18040061259612278	True	False	gene_only	60	False
ENSG00000260778.5	0.05374700184327234	True	False	gene_only	59	False
ENSG00000260136.5	0.24683715647114254	True	True	visible	64	False
ENSG00000260517.2	0.835934048663812	True	True	visible	23	False
ENSG00000273036.2	0.23446975090406894	True	True	visible	24	False
ENSG00000261253.2	0.06968769883324108	True	True	visible	25	False
ENSG00000261329.5	0.060291997069817575	True	False	gene_only	16	False
ENSG00000261360.1	0.07589362042236425	True	False	gene_only	18	False
ENSG00000260448.5	0.20807769499588696	True	False	gene_only	50	False
ENSG00000261183.5	0.12078590810769688	True	True	visible	16	False
ENSG00000259953.1	0.02790605571457893	True	False	gene_only	20	False
ENSG00000260630.6	0.26159472898191205	True	False	gene_only	61	False
ENSG00000260528.4	0.09780859309813054	True	False	gene_only	40	False
ENSG00000260793.2	0.040315795989716824	True	False	gene_only	48	False
ENSG00000260898.5	0.2384567398468881	True	True	visible	18	False
ENSG00000259925.1	0.2172320228992424	True	False	gene_only	16	False
ENSG00000261553.5	0.0	True	False	gene_only	50	False
ENSG00000238045.9	0.277770592314209	True	True	visible	56	False
ENSG00000260658.5	0.0168704492499955	False	False	none	8	True
ENSG00000260788.5	0.021848678992168434	True	False	gene_only	18	False
ENSG00000260086.2	0.057096381550513636	False	False	none	8	True
ENSG00000261664.5	0.12248253529672734	False	False	none	15	False
ENSG00000261195.1	0.17344507187296831	True	True	visible	24	False
ENSG00000260664.2	0.0252835189339844	False	False	none	19	False
ENSG00000261840.2	0.06760079467485108	True	False	gene_only	45	False
ENSG00000260083.1	0.04177559160051385	True	False	gene_only	66	False
ENSG00000261804.1	0.07623747250327209	True	True	visible	26	False
ENSG00000261118.1	0.025730813922621245	True	False	gene_only	21	False
ENSG00000261407.1	0.0168704455247052	True	False	gene_only	18	False
ENSG00000260923.6	0.2462566002059313	True	True	visible	60	False
ENSG00000261604.1	0.0	True	False	gene_only	14	False
ENSG00000261520.5	0.022448138134077485	False	False	none	10	False
ENSG00000261188.1	0.04297387201134481	True	False	gene_only	51	False
ENSG00000261386.2	0.5583007131312645	True	True	visible	27	False
ENSG00000260276.2	0.005786713626440426	True	False	gene_only	15	False
ENSG00000261713.6	0.026022147118429807	False	False	none	12	False
ENSG00000261040.6	0.1190312362292003	True	True	visible	22	False
ENSG00000261505.1	0.05556724642744808	True	False	gene_only	34	False
ENSG00000260853.1	0.0	True	False	gene_only	23	False
ENSG00000261105.5	0.02090612322584305	True	False	gene_only	10	False
ENSG00000260372.6	0.21957068594231555	True	False	gene_only	17	False
ENSG00000259868.2	0.0	False	False	none	15	False
ENSG00000260492.2	0.021153102770004657	False	False	none	19	False
ENSG00000262223.6	0.10179772606249543	True	True	visible	16	False
ENSG00000262580.5	0.060785019502987606	True	False	gene_only	50	False
ENSG00000262879.5	0.27370009829785047	True	False	gene_only	61	False
ENSG00000262061.5	0.18262716811121335	True	False	gene_only	47	False
ENSG00000263072.6	0.2010510249100937	True	True	visible	65	False
ENSG00000262454.2	0.13007545052847058	True	False	gene_only	53	False
ENSG00000261971.6	0.24114921674070985	True	True	visible	59	False
ENSG00000261978.1	0.011112477863214534	True	False	gene_only	15	False
ENSG00000262370.5	0.6296432590915374	True	True	visible	30	False
ENSG00000261879.5	0.08753093001066867	True	False	gene_only	59	False
ENSG00000262877.4	0.0010784242735635292	True	False	gene_only	20	False
ENSG00000262468.5	0.00592091360684026	True	False	gene_only	67	False
ENSG00000263146.2	0.0001281832469170516	False	False	none	11	False
ENSG00000262873.1	0.009505266127059642	True	False	gene_only	16	False
ENSG00000262188.1	0.02695329971085366	False	False	none	9	True
ENSG00000262001.1	0.28633332905521847	True	False	gene_only	28	False
ENSG00000226137.5	0.014207186454706547	True	False	gene_only	58	False
ENSG00000263069.5	0.0597935278046683	False	False	none	6	True
ENSG00000262312.2	0.07502250470665485	False	False	none	9	True
ENSG00000262097.1	0.1278142938912371	True	False	gene_only	24	False
ENSG00000263004.1	0.08212436145829995	False	False	none	62	False
ENSG00000262728.5	0.08173286654496464	False	False	none	21	False
ENSG00000264112.1	0.11594065527784084	True	True	visible	67	False
ENSG00000264920.1	0.03378063751142045	True	True	visible	68	False
ENSG00000263753.6	0.07917265129943044	True	True	visible	68	False
ENSG00000265096.1	0.010995078248194415	True	False	gene_only	16	False
ENSG00000265142.8	0.0075202601689906765	False	False	none	25	False
ENSG00000232956.8	0.1503343962213318	True	True	visible	68	False
ENSG00000264247.1	0.028210249805225095	True	False	gene_only	66	False
ENSG00000266677.1	0.021427705385380122	True	False	gene_only	18	False
ENSG00000264515.5	0.054744051930147045	False	False	none	8	True
ENSG00000264956.1	0.09771052404393077	False	False	none	8	True
ENSG00000264672.5	0.15511894293424877	False	False	none	9	True
ENSG00000264968.1	0.2737144392191526	False	False	none	18	False
ENSG00000215769.8	0.023717810499100524	True	True	visible	64	False
ENSG00000263412.1	0.028787883164659463	True	False	gene_only	32	False
ENSG00000266835.5	0.0011818219058186957	False	False	none	15	False
ENSG00000263958.1	0.030309426426690253	False	False	none	11	False
ENSG00000270820.5	0.2009653180045628	True	False	gene_only	60	False
ENSG00000263400.6	0.11978153067654271	True	False	gene_only	22	False
ENSG00000264589.2	0.034616709483100555	False	False	none	19	False
ENSG00000266010.1	0.10669257972842863	True	True	visible	31	False
ENSG00000265055.1	0.0683939445421487	False	False	none	11	False
ENSG00000263603.1	0.002164609580102509	True	False	gene_only	15	False
ENSG00000265479.6	0.01948361408806882	True	False	gene_only	67	False
ENSG00000263766.5	0.27420205658887675	False	True	silent	14	False
ENSG00000264734.1	0.005869716248055323	False	False	none	6	True
ENSG00000266402.3	0.040898823927721775	True	False	gene_only	66	False
ENSG00000265542.5	1.1293436592252587e-07	False	False	none	13	False
ENSG00000265688.1	0.0	True	False	gene_only	28	False
ENSG00000266053.2	0.2519150820854348	True	True	visible	36	False
ENSG00000264569.1	0.0034809493032001994	True	False	gene_only	49	False
ENSG00000279668.2	0.6184051535191479	True	True	visible	28	False
ENSG00000267278.5	0.048326040533950364	False	False	none	11	False
ENSG00000267364.1	0.0034174916687994376	True	False	gene_only	35	False
ENSG00000266916.5	0.1434116382165439	True	True	visible	46	False
ENSG00000166770.10	0.13657699258708766	True	False	gene_only	67	False
ENSG00000267080.5	0.12256326121057799	True	False	gene_only	59	False
ENSG00000267121.5	0.09722298990790483	True	False	gene_only	41	False
ENSG00000267659.5	0.22766694674449217	False	True	silent	12	False
ENSG00000267383.6	0.1352967937013151	False	False	none	17	False
ENSG00000267470.5	0.2870612257369423	True	True	visible	26	False
ENSG00000267586.6	0.7217957035228466	False	True	silent	25	False
ENSG00000267454.5	0.3483559830192372	True	True	visible	67	False
ENSG00000267198.1	0.4208721468110103	True	True	visible	38	False
ENSG00000267106.5	0.04964894538404591	True	False	gene_only	66	False
ENSG00000267649.1	0.3071844576101911	False	True	silent	10	False
ENSG00000267575.6	0.16095183843537658	True	True	visible	64	False
ENSG00000232006.8	0.14108793085144372	False	False	none	15	False
ENSG00000267248.1	0.07205088404373652	True	False	gene_only	56	False
ENSG00000266903.1	0.3676371960519882	True	True	visible	26	False
ENSG00000267302.5	0.06550785246779628	True	True	visible	62	False
ENSG00000267737.1	0.004320507663499135	False	False	none	7	True
ENSG00000267605.5	0.04980443929141406	True	False	gene_only	52	False
ENSG00000267053.6	0.023006563625974183	False	False	none	19	False
ENSG00000267750.5	0.038960377199858516	True	False	gene_only	19	False
ENSG00000267270.5	0.1683221170405771	False	False	none	18	False
ENSG00000267009.6	0.10075836611103706	True	True	visible	17	False
ENSG00000267199.1	0.06861260284568704	True	False	gene_only	25	False
ENSG00000266904.5	0.4192086354603392	True	True	visible	49	False
ENSG00000267128.1	0.06949094435074975	False	False	none	10	False
ENSG00000267280.5	0.21852012147828193	True	False	gene_only	33	False
ENSG00000266993.3	0.011157766204584411	True	False	gene_only	22	False
ENSG00000267665.1	0.02114419819947069	True	False	gene_only	15	False
ENSG00000267265.5	0.008287150545304836	False	False	none	7	True
ENSG00000266921.1	0.051899161996236176	False	False	none	25	False
ENSG00000267279.1	0.04191558984148439	True	True	visible	41	False
ENSG00000267058.1	0.031889137883200074	True	False	gene_only	61	False
ENSG00000267254.5	0.17325716699333857	True	True	visible	54	False
ENSG00000266970.1	0.0701501240578982	True	False	gene_only	14	False
ENSG00000197291.8	0.05626476182344424	False	False	none	11	False
ENSG00000225313.5	0.40284218552588946	True	True	visible	42	False
ENSG00000267421.6	0.3094402699352492	True	True	visible	45	False
ENSG00000267751.5	0.17047531244963993	True	False	gene_only	22	False
ENSG00000267452.1	0.011201168203230362	True	False	gene_only	22	False
ENSG00000267169.1	0.19610226273082038	True	False	gene_only	54	False
ENSG00000267107.6	0.04084736902287575	True	False	gene_only	59	False
ENSG00000283633.1	0.44046478389127447	True	True	visible	41	False
ENSG00000267432.5	0.004856718667981305	False	False	none	8	True
ENSG00000266947.1	0.008685157937357258	True	False	gene_only	17	False
ENSG00000267072.2	0.2572708050278898	False	True	silent	19	False
ENSG00000267251.2	0.008755756030673661	False	False	none	10	False
ENSG00000204282.4	0.017903174609499882	True	False	gene_only	38	False
ENSG00000267322.2	0.19312645817444601	False	True	silent	40	False
ENSG00000267014.5	0.020051016761788096	True	False	gene_only	19	False
ENSG00000186019.10	0.07280027857982325	True	False	gene_only	29	False
ENSG00000267002.2	0.1678443411705892	True	True	visible	68	False
ENSG00000267260.1	0.0076174738057633445	True	False	gene_only	19	False
ENSG00000267244.5	0.0	False	False	none	13	False
ENSG00000267757.4	0.011671502352068618	True	False	gene_only	9	True
ENSG00000267040.6	0.16897041867926305	True	True	visible	62	False
ENSG00000267321.2	0.013873815499332826	True	False	gene_only	67	False
ENSG00000268061.5	0.0371787240443443	True	False	gene_only	66	False
ENSG00000268895.5	0.39120851016540903	True	True	visible	46	False
ENSG00000232098.3	0.013605810252910624	True	False	gene_only	62	False
ENSG00000236778.7	0.21374467204294317	True	True	visible	61	False
ENSG00000227195.10	0.10913440745931148	True	False	gene_only	18	False
ENSG00000269386.5	0.011809646522637246	True	False	gene_only	68	False
ENSG00000268388.5	0.02634436440765281	True	False	gene_only	18	False
ENSG00000267858.5	0.03890780170111115	True	False	gene_only	41	False
ENSG00000268119.5	0.15863551957401445	True	True	visible	24	False
ENSG00000269352.1	0.12280261372362822	True	False	gene_only	51	False
ENSG00000269834.5	0.07748544816111004	True	False	gene_only	64	False
ENSG00000269793.5	0.03145974171853238	True	False	gene_only	33	False
ENSG00000229692.3	0.0	True	False	gene_only	11	False
ENSG00000268093.1	0.1880199012106571	True	True	visible	36	False
ENSG00000268362.5	0.026257153928788975	True	False	gene_only	65	False
ENSG00000269235.1	0.03603416768245907	True	False	gene_only	32	False
ENSG00000268751.1	0.06031320969556183	False	False	none	21	False
ENSG00000269439.5	0.10946968752135748	True	True	visible	63	False
ENSG00000268027.5	0.07021254539195394	True	False	gene_only	22	False
ENSG00000268401.1	0.04234211123135534	True	True	visible	11	False
ENSG00000268006.1	0.1099038158746405	True	False	gene_only	50	False
ENSG00000268654.1	0.0010774535793692148	False	False	none	19	False
ENSG00000268189.2	0.07539593260059613	True	False	gene_only	18	False
ENSG00000267871.5	0.04186628745782123	True	False	gene_only	48	False
ENSG00000268230.5	0.0	True	False	gene_only	35	False
ENSG00000268355.1	0.03618496311025687	True	True	visible	10	False
ENSG00000269293.2	0.008688018067241695	True	False	gene_only	68	False
ENSG00000269985.1	0.003870231480042596	True	False	gene_only	21	False
ENSG00000270111.2	0.019845130760717235	False	True	silent	11	False
ENSG00000270112.3	0.2554653509980154	True	True	visible	27	False
ENSG00000270091.1	0.018647034236707598	True	False	gene_only	29	False
ENSG00000269893.6	0.32085506722207846	True	True	visible	68	False
ENSG00000270069.1	0.007339456666923475	True	False	gene_only	25	False
ENSG00000270049.2	0.12204243699472837	True	True	visible	62	False
ENSG00000271133.5	0.06336597345778346	True	False	gene_only	27	False
ENSG00000271335.5	0.2310135176352931	True	True	visible	53	False
ENSG00000270332.1	0.1595662182994848	True	True	visible	61	False
ENSG00000271334.5	0.020294454436773676	False	False	none	18	False
ENSG00000271109.1	0.011449769760633187	True	False	gene_only	26	False
ENSG00000271270.5	0.2530558912502478	True	True	visible	58	False
ENSG00000271538.5	0.0	True	False	gene_only	20	False
ENSG00000270547.5	0.01310245052128218	False	False	none	15	False
ENSG00000272146.5	0.1559058436707308	True	False	gene_only	29	False
ENSG00000271858.5	0.330643104140241	True	False	gene_only	17	False
ENSG00000271826.5	0.015803911285767174	False	False	none	20	False
ENSG00000271913.5	0.27116053774070037	True	True	visible	40	False
ENSG00000272288.5	0.17566079988322758	True	True	visible	67	False
ENSG00000272097.1	1.6923761663492243e-15	False	False	none	10	False
ENSG00000272070.1	0.0	True	False	gene_only	19	False
ENSG00000271848.1	0.14412732729733208	False	False	none	9	True
ENSG00000272142.1	0.09658839641878655	True	False	gene_only	30	False
ENSG00000272138.1	0.059109215463361675	True	True	visible	9	True
ENSG00000273297.1	0.062147392519354056	True	True	visible	22	False
ENSG00000273143.1	0.24856458093295444	True	True	visible	23	False
ENSG00000273061.1	0.09422964100453914	True	False	gene_only	60	False
ENSG00000272758.5	0.08326930119236362	True	False	gene_only	63	False
ENSG00000272690.5	0.08815309965224	True	False	gene_only	50	False
ENSG00000273247.5	0.059192274613750526	True	False	gene_only	67	False
ENSG00000272599.2	0.0029424329484234457	False	False	none	7	True
ENSG00000273492.5	0.022738040087931028	True	False	gene_only	28	False
ENSG00000273356.1	0.008245362138340095	False	False	none	17	False
ENSG00000272702.1	0.12867322961554278	True	True	visible	38	False
ENSG00000272870.1	0.028677541834521144	True	False	gene_only	64	False
ENSG00000272894.5	0.0009476174977860128	True	False	gene_only	62	False
ENSG00000272568.5	0.026100331003638552	False	False	none	18	False
ENSG00000272693.3	0.0010424502703980116	True	False	gene_only	50	False
ENSG00000272677.1	0.13258302319661674	True	False	gene_only	63	False
ENSG00000231728.3	0.012614140281313581	True	False	gene_only	11	False
ENSG00000275294.4	0.5753692321489077	False	True	silent	14	False
ENSG00000278133.1	0.040514166394859344	True	True	visible	67	False
ENSG00000274265.4	0.23223300028782778	True	True	visible	64	False
ENSG00000273674.4	0.053866590879734125	True	False	gene_only	21	False
ENSG00000278464.1	0.05042882050319216	True	False	gene_only	12	False
ENSG00000276075.1	0.030387566275372466	True	False	gene_only	61	False
ENSG00000276170.4	0.15156085593251917	True	True	visible	39	False
ENSG00000226067.6	0.15308515070857995	True	False	gene_only	57	False
ENSG00000278611.1	0.07939139329428888	True	True	visible	41	False
ENSG00000275830.1	0.030194410473419052	False	False	none	25	False
ENSG00000278768.1	0.03638977380945681	True	False	gene_only	57	False
ENSG00000203804.4	0.03260738142940951	True	False	gene_only	14	False
ENSG00000277199.1	0.03353754473653363	False	False	none	19	False
ENSG00000276649.1	0.024772567066094042	False	False	none	19	False
ENSG00000278390.4	0.06743412155090614	False	False	none	17	False
ENSG00000278156.1	0.01399505190862229	True	False	gene_only	23	False
ENSG00000278175.3	0.3217892733088127	True	True	visible	66	False
ENSG00000274253.4	0.10793843995739968	True	True	visible	46	False
ENSG00000274333.4	0.5087200523762815	False	False	none	15	False
ENSG00000275496.4	0.0383444405900393	False	False	none	19	False
ENSG00000279082.3	0.011906830195853691	True	False	gene_only	16	False
ENSG00000278932.3	0.15079348075357663	False	True	silent	67	False
ENSG00000280145.3	0.4236420397242566	True	True	visible	44	False
ENSG00000280018.3	0.20199064160553562	True	False	gene_only	47	False
ENSG00000280081.3	0.0	False	False	none	10	False
ENSG00000279762.3	0.003252428747780551	True	False	gene_only	26	False
ENSG00000278903.3	0.016532791150219793	False	False	none	27	False
ENSG00000279168.2	0.004478727324321759	True	False	gene_only	18	False
ENSG00000279094.3	0.0016044195457620614	True	False	gene_only	49	False
ENSG00000279750.3	0.02830930559931359	False	False	none	8	True
ENSG00000281649.1	0.016724458531188924	True	False	gene_only	67	False
ENSG00000280734.2	0.095207412927929	True	False	gene_only	65	False
ENSG00000280739.2	0.18748336335646087	True	False	gene_only	23	False
ENSG00000280721.1	0.03818727765478518	True	False	gene_only	21	False
ENSG00000281657.2	0.0	False	False	none	10	False
ENSG00000281162.2	0.0074319282449962585	False	False	none	15	False
ENSG00000281357.2	0.02327704161686301	False	False	none	6	True
ENSG00000280832.1	0.04080113317390856	True	False	gene_only	54	False
ENSG00000280623.1	0.03114046074410067	True	False	gene_only	54	False
ENSG00000280870.2	0.07873684730097492	False	False	none	13	False
ENSG00000281392.1	0.04275009990812721	True	True	visible	67	False
ENSG00000281103.1	0.32694681558403804	True	True	visible	23	False
ENSG00000282508.1	0.20781720164922166	True	False	gene_only	60	False
ENSG00000282024.1	0.1501300751241446	True	True	visible	16	False
ENSG00000282851.1	0.20324053489133667	True	False	gene_only	37	False
ENSG00000282917.1	0.0015638696318774955	False	False	none	15	False
ENSG00000283108.1	0.16965833023200677	True	False	gene_only	22	False
ENSG00000282885.1	0.023652689770785253	False	False	none	7	True
ENSG00000282943.1	0.04155632773521452	True	False	gene_only	16	False
ENSG00000228526.6	0.03197729472949801	True	False	gene_only	31	False
ENSG00000283128.1	0.6718076011669105	True	True	visible	14	False
ENSG00000283674.1	0.13176901646468872	True	False	gene_only	56	False
ENSG00000283458.1	0.09890584760489546	False	False	none	13	False
ENSG00000283196.1	0.17739934639903301	True	True	visible	66	False
ENSG00000203809.6	0.13052756568455487	False	False	none	10	False
ENSG00000283352.1	0.08880564332895832	False	False	none	18	False
ENSG00000283462.1	0.06873016763400158	False	False	none	9	True
ENSG00000283213.1	0.15441077025432354	False	True	silent	12	False
ENSG00000283380.1	0.11684543667029533	False	False	none	6	True
ENSG00000283503.1	0.014452874474364611	False	False	none	6	True
ENSG00000284052.1	0.18458691387565912	True	False	gene_only	62	False
ENSG00000284428.1	0.13229960493824233	True	True	visible	67	False
ENSG00000284196.1	0.3542564214464665	True	True	visible	65	False
ENSG00000284543.1	0.12990559207360744	True	False	gene_only	57	False
ENSG00000283886.1	0.05750696479554855	True	False	gene_only	47	False
ENSG00000283897.1	0.2395002699318995	False	True	silent	20	False
