gene_id	switch_sig	visibility_kw	visibility_deseq2	visibility_edger
ENSG00000232774.7	True	visible	visible	visible
ENSG00000231607.10	False	gene_only	gene_only	gene_only
ENSG00000149656.8	False	gene_only	gene_only	gene_only
ENSG00000161149.12	False	gene_only	gene_only	gene_only
ENSG00000232527.7	True	visible	visible	visible
ENSG00000163364.9	False	gene_only	gene_only	gene_only
ENSG00000215241.3	False	gene_only	gene_only	gene_only
ENSG00000170161.6	False	none	gene_only	gene_only
ENSG00000170846.16	True	visible	visible	visible
ENSG00000172965.14	True	visible	visible	visible
ENSG00000174171.5	False	gene_only	gene_only	gene_only
ENSG00000272752.6	False	gene_only	gene_only	gene_only
ENSG00000179136.6	False	gene_only	gene_only	gene_only
ENSG00000179523.4	False	gene_only	gene_only	gene_only
ENSG00000176593.7	False	gene_only	gene_only	gene_only
ENSG00000177738.3	True	visible	visible	visible
ENSG00000177337.7	True	visible	visible	visible
ENSG00000176840.11	False	gene_only	gene_only	gene_only
ENSG00000180769.8	True	visible	visible	visible
ENSG00000177406.4	False	gene_only	gene_only	gene_only
ENSG00000177133.10	False	gene_only	gene_only	gene_only
ENSG00000175611.11	True	visible	visible	visible
ENSG00000214184.3	False	none	gene_only	gene_only
ENSG00000242791.2	False	none	gene_only	gene_only
ENSG00000176912.3	False	gene_only	gene_only	gene_only
ENSG00000176728.7	True	visible	silent	visible
ENSG00000178803.10	False	gene_only	gene_only	gene_only
ENSG00000177410.12	True	visible	visible	visible
ENSG00000185837.3	True	visible	visible	visible
ENSG00000183250.11	False	none	gene_only	gene_only
ENSG00000170919.15	True	visible	visible	visible
ENSG00000185847.7	False	none	gene_only	gene_only
ENSG00000182109.7	True	visible	visible	visible
ENSG00000222041.10	True	visible	visible	visible
ENSG00000185168.5	False	none	gene_only	gene_only
ENSG00000183308.6	False	none	gene_only	gene_only
ENSG00000189223.14	True	visible	visible	visible
ENSG00000182648.11	True	visible	visible	visible
ENSG00000182873.5	False	gene_only	gene_only	gene_only
ENSG00000186594.14	True	visible	visible	visible
ENSG00000186615.10	True	visible	visible	visible
ENSG00000228463.9	False	gene_only	gene_only	gene_only
ENSG00000249087.6	True	visible	visible	visible
ENSG00000204588.5	False	none	gene_only	gene_only
ENSG00000270580.5	False	gene_only	gene_only	gene_only
ENSG00000188185.11	False	gene_only	gene_only	gene_only
ENSG00000188825.13	False	gene_only	gene_only	gene_only
ENSG00000188242.4	False	gene_only	gene_only	gene_only
ENSG00000188511.12	False	gene_only	gene_only	gene_only
ENSG00000232110.7	False	gene_only	gene_only	gene_only
ENSG00000196167.9	True	visible	visible	visible
ENSG00000196295.11	True	visible	visible	visible
ENSG00000198468.7	True	silent	visible	visible
ENSG00000197934.8	False	none	gene_only	gene_only
ENSG00000236882.7	True	visible	visible	visible
ENSG00000174365.19	True	visible	visible	visible
ENSG00000198221.8	False	none	gene_only	gene_only
ENSG00000182165.17	True	visible	visible	visible
ENSG00000251301.6	True	visible	visible	visible
ENSG00000197182.14	True	visible	visible	visible
ENSG00000242687.2	False	gene_only	gene_only	gene_only
ENSG00000256925.2	True	silent	visible	visible
ENSG00000234222.6	False	none	none	none
ENSG00000203279.3	False	gene_only	gene_only	gene_only
ENSG00000228010.5	True	visible	visible	visible
ENSG00000231312.6	True	visible	visible	visible
ENSG00000249684.5	False	gene_only	gene_only	gene_only
ENSG00000179818.13	True	visible	visible	visible
ENSG00000240401.8	True	silent	visible	visible
ENSG00000203506.5	False	none	gene_only	gene_only
ENSG00000234912.11	True	visible	visible	visible
ENSG00000235257.8	False	gene_only	gene_only	gene_only
ENSG00000223482.7	True	visible	visible	visible
ENSG00000146521.9	False	gene_only	gene_only	gene_only
ENSG00000225511.6	False	gene_only	gene_only	gene_only
ENSG00000233452.6	True	visible	visible	visible
ENSG00000213057.5	True	visible	visible	visible
ENSG00000203739.3	False	gene_only	gene_only	gene_only
ENSG00000203808.10	False	gene_only	gene_only	gene_only
ENSG00000203865.9	False	gene_only	gene_only	gene_only
ENSG00000203875.10	True	visible	visible	visible
ENSG00000203876.9	True	visible	visible	visible
ENSG00000174407.13	False	gene_only	gene_only	gene_only
ENSG00000203930.10	True	visible	visible	visible
ENSG00000203987.2	False	gene_only	gene_only	gene_only
ENSG00000203993.4	False	gene_only	gene_only	gene_only
ENSG00000203999.8	False	none	gene_only	gene_only
ENSG00000226711.6	False	gene_only	gene_only	gene_only
ENSG00000204055.4	False	gene_only	gene_only	gene_only
ENSG00000125804.13	False	gene_only	gene_only	gene_only
ENSG00000204706.14	False	none	gene_only	gene_only
ENSG00000204792.2	True	silent	silent	visible
ENSG00000204802.3	False	none	none	none
ENSG00000204860.4	False	gene_only	gene_only	gene_only
ENSG00000204929.12	True	silent	visible	visible
ENSG00000168405.15	True	visible	visible	visible
ENSG00000205037.2	True	visible	visible	visible
ENSG00000205181.5	False	gene_only	gene_only	gene_only
ENSG00000120664.10	False	none	gene_only	gene_only
ENSG00000234449.2	False	gene_only	gene_only	gene_only
ENSG00000237945.7	False	gene_only	gene_only	gene_only
ENSG00000205696.4	False	gene_only	gene_only	gene_only
ENSG00000205740.2	False	none	none	none
ENSG00000248932.5	False	gene_only	gene_only	gene_only
ENSG00000205885.7	False	gene_only	gene_only	gene_only
ENSG00000237975.6	False	none	gene_only	gene_only
ENSG00000205913.6	False	gene_only	gene_only	gene_only
ENSG00000205930.8	False	none	none	none
ENSG00000206187.3	False	none	gene_only	gene_only
ENSG00000206195.10	False	none	gene_only	gene_only
ENSG00000206417.8	True	visible	visible	visible
ENSG00000206567.9	False	none	gene_only	gene_only
ENSG00000203288.3	False	gene_only	gene_only	gene_only
ENSG00000224043.7	True	visible	visible	visible
ENSG00000233175.2	True	visible	visible	visible
ENSG00000247498.9	False	gene_only	gene_only	gene_only
ENSG00000227540.1	True	visible	visible	visible
ENSG00000177335.10	True	visible	visible	visible
ENSG00000224281.4	True	silent	visible	visible
ENSG00000220575.7	False	gene_only	gene_only	gene_only
ENSG00000236432.7	False	none	gene_only	gene_only
ENSG00000213963.6	False	gene_only	gene_only	gene_only
ENSG00000232807.2	False	gene_only	gene_only	gene_only
ENSG00000214049.6	False	none	gene_only	gene_only
ENSG00000214106.7	True	visible	visible	visible
ENSG00000214293.8	True	visible	visible	visible
ENSG00000214353.7	False	none	gene_only	gene_only
ENSG00000214401.4	True	silent	visible	visible
ENSG00000214548.14	True	visible	visible	visible
ENSG00000236200.5	False	gene_only	gene_only	gene_only
ENSG00000214719.11	False	gene_only	gene_only	gene_only
ENSG00000214900.9	True	visible	visible	visible
ENSG00000214922.9	True	visible	visible	visible
ENSG00000186960.10	True	visible	visible	visible
ENSG00000215022.7	False	none	gene_only	gene_only
ENSG00000215039.6	True	visible	visible	visible
ENSG00000215067.9	True	visible	visible	visible
ENSG00000215068.7	True	visible	visible	visible
ENSG00000215256.3	True	visible	visible	visible
ENSG00000215386.11	True	visible	visible	visible
ENSG00000215447.7	False	gene_only	gene_only	gene_only
ENSG00000215483.9	True	visible	visible	visible
ENSG00000242349.5	False	gene_only	gene_only	gene_only
ENSG00000215859.8	False	gene_only	gene_only	gene_only
ENSG00000215866.7	False	gene_only	gene_only	gene_only
ENSG00000216895.9	True	visible	visible	visible
ENSG00000218416.4	False	none	gene_only	gene_only
ENSG00000219665.8	True	visible	visible	visible
ENSG00000221819.5	False	gene_only	gene_only	gene_only
ENSG00000186235.10	False	gene_only	gene_only	gene_only
ENSG00000222020.2	True	visible	visible	visible
ENSG00000231742.5	False	none	gene_only	gene_only
ENSG00000224429.7	False	gene_only	gene_only	gene_only
ENSG00000234494.7	False	gene_only	gene_only	gene_only
ENSG00000232442.1	True	visible	visible	visible
ENSG00000230387.2	False	none	gene_only	gene_only
ENSG00000226950.6	True	visible	visible	visible
ENSG00000223745.7	True	visible	visible	visible
ENSG00000225331.1	False	gene_only	gene_only	gene_only
ENSG00000229956.10	True	silent	visible	visible
ENSG00000231170.5	True	visible	visible	visible
ENSG00000226644.5	False	none	gene_only	gene_only
ENSG00000130600.17	True	visible	visible	visible
ENSG00000234741.7	True	visible	visible	visible
ENSG00000229891.1	False	gene_only	gene_only	gene_only
ENSG00000228274.3	False	gene_only	gene_only	gene_only
ENSG00000229847.8	False	gene_only	gene_only	gene_only
ENSG00000179406.7	False	gene_only	gene_only	gene_only
ENSG00000204261.8	False	gene_only	gene_only	gene_only
ENSG00000237491.8	False	gene_only	gene_only	gene_only
ENSG00000225194.2	False	gene_only	gene_only	gene_only
ENSG00000204054.13	True	visible	visible	visible
ENSG00000224424.7	False	gene_only	gene_only	gene_only
ENSG00000231609.5	False	gene_only	gene_only	gene_only
ENSG00000230091.6	False	none	gene_only	gene_only
ENSG00000226308.1	False	none	gene_only	gene_only
ENSG00000223949.6	False	gene_only	gene_only	gene_only
ENSG00000237950.1	False	none	gene_only	gene_only
ENSG00000232931.5	False	gene_only	gene_only	gene_only
ENSG00000174403.15	False	gene_only	gene_only	gene_only
ENSG00000179935.9	False	gene_only	gene_only	gene_only
ENSG00000233895.1	False	none	gene_only	gene_only
ENSG00000234546.3	False	gene_only	gene_only	gene_only
ENSG00000234899.9	True	visible	visible	visible
ENSG00000223969.5	True	visible	visible	visible
ENSG00000231074.8	True	visible	visible	visible
ENSG00000235092.5	True	visible	visible	visible
ENSG00000232677.6	True	visible	visible	visible
ENSG00000234072.1	False	gene_only	gene_only	gene_only
ENSG00000225342.2	False	gene_only	gene_only	gene_only
ENSG00000225518.2	False	gene_only	gene_only	gene_only
ENSG00000228878.7	False	gene_only	gene_only	gene_only
ENSG00000241769.7	False	gene_only	gene_only	gene_only
ENSG00000237232.7	False	none	gene_only	gene_only
ENSG00000230185.4	False	none	gene_only	gene_only
ENSG00000237737.5	False	gene_only	gene_only	gene_only
ENSG00000225889.7	False	gene_only	gene_only	gene_only
ENSG00000231871.5	False	gene_only	gene_only	gene_only
ENSG00000225265.1	True	visible	visible	visible
ENSG00000235703.5	True	silent	visible	visible
ENSG00000234327.7	True	visible	visible	visible
ENSG00000233639.5	True	visible	visible	visible
ENSG00000234690.6	False	gene_only	gene_only	gene_only
ENSG00000224032.6	True	visible	visible	visible
ENSG00000226419.7	True	visible	visible	visible
ENSG00000242628.5	False	gene_only	gene_only	gene_only
ENSG00000236423.5	False	none	gene_only	gene_only
ENSG00000224597.9	True	visible	visible	visible
ENSG00000237883.1	False	gene_only	gene_only	gene_only
ENSG00000227028.6	True	silent	visible	visible
ENSG00000237413.5	False	gene_only	gene_only	gene_only
ENSG00000231365.5	False	gene_only	gene_only	gene_only
ENSG00000235770.5	False	gene_only	gene_only	gene_only
ENSG00000231013.1	False	none	gene_only	gene_only
ENSG00000228798.1	False	none	gene_only	gene_only
ENSG00000225206.8	False	none	gene_only	gene_only
ENSG00000229043.2	False	gene_only	gene_only	gene_only
ENSG00000196756.11	True	visible	visible	visible
ENSG00000238276.5	False	none	gene_only	gene_only
ENSG00000224272.2	False	none	gene_only	gene_only
ENSG00000232973.11	False	gene_only	gene_only	gene_only
ENSG00000236830.6	False	gene_only	gene_only	gene_only
ENSG00000236859.6	True	visible	visible	visible
ENSG00000233237.6	True	silent	visible	visible
ENSG00000233008.5	True	silent	visible	visible
ENSG00000224660.1	False	gene_only	gene_only	gene_only
ENSG00000242125.3	True	visible	visible	visible
ENSG00000225554.1	False	gene_only	gene_only	gene_only
ENSG00000226688.6	True	visible	visible	visible
ENSG00000229656.6	False	none	gene_only	gene_only
ENSG00000224078.13	True	visible	visible	visible
ENSG00000226674.8	False	none	gene_only	gene_only
ENSG00000225470.7	True	visible	visible	visible
ENSG00000233016.6	True	visible	visible	visible
ENSG00000231185.6	False	none	gene_only	gene_only
ENSG00000228109.1	True	visible	visible	visible
ENSG00000234753.5	True	silent	visible	visible
ENSG00000213742.6	True	visible	visible	visible
ENSG00000236780.5	True	silent	visible	visible
ENSG00000235597.1	False	gene_only	gene_only	gene_only
ENSG00000237654.5	False	none	gene_only	gene_only
ENSG00000225746.9	True	visible	visible	visible
ENSG00000281404.1	False	none	gene_only	gene_only
ENSG00000242086.8	True	visible	visible	visible
ENSG00000215424.9	False	gene_only	gene_only	gene_only
ENSG00000225377.5	True	visible	visible	visible
ENSG00000177640.15	True	visible	visible	visible
ENSG00000227543.4	False	gene_only	gene_only	gene_only
ENSG00000229694.6	True	visible	visible	visible
ENSG00000223749.9	False	gene_only	gene_only	gene_only
ENSG00000234456.7	True	visible	visible	visible
ENSG00000228192.7	False	gene_only	gene_only	gene_only
ENSG00000236283.4	False	none	gene_only	gene_only
ENSG00000226312.7	False	none	gene_only	gene_only
ENSG00000227070.1	False	none	gene_only	gene_only
ENSG00000235903.7	True	visible	visible	visible
ENSG00000233223.2	True	visible	visible	visible
ENSG00000227218.7	False	none	gene_only	gene_only
ENSG00000230212.6	False	none	gene_only	gene_only
ENSG00000237484.5	False	none	gene_only	gene_only
ENSG00000231057.3	False	none	gene_only	gene_only
ENSG00000223960.6	False	gene_only	gene_only	gene_only
ENSG00000237773.5	True	visible	visible	visible
ENSG00000228794.8	False	gene_only	gene_only	gene_only
ENSG00000232613.6	False	none	gene_only	gene_only
ENSG00000237870.6	False	gene_only	gene_only	gene_only
ENSG00000236540.7	True	visible	visible	visible
ENSG00000237126.8	False	gene_only	gene_only	gene_only
ENSG00000223884.5	True	silent	visible	visible
ENSG00000234678.1	False	gene_only	gene_only	gene_only
ENSG00000231999.6	True	visible	visible	visible
ENSG00000225383.7	True	visible	visible	visible
ENSG00000228649.8	False	gene_only	gene_only	gene_only
ENSG00000232520.1	False	gene_only	gene_only	gene_only
ENSG00000225670.4	False	none	gene_only	gene_only
ENSG00000224897.6	False	none	gene_only	gene_only
ENSG00000226891.7	False	gene_only	gene_only	gene_only
ENSG00000224116.6	False	gene_only	gene_only	gene_only
ENSG00000225742.5	False	none	gene_only	gene_only
ENSG00000230417.11	True	visible	visible	visible
ENSG00000226696.5	True	visible	visible	visible
ENSG00000225205.5	False	none	gene_only	gene_only
ENSG00000227456.7	False	gene_only	gene_only	gene_only
ENSG00000225953.2	True	silent	visible	visible
ENSG00000241990.5	True	visible	visible	visible
ENSG00000237940.3	False	none	gene_only	gene_only
ENSG00000236753.5	False	gene_only	gene_only	gene_only
ENSG00000233461.5	True	visible	visible	visible
ENSG00000229980.4	True	visible	visible	visible
ENSG00000229807.10	True	silent	silent	visible
ENSG00000234281.5	True	silent	visible	visible
ENSG00000223546.6	False	none	gene_only	gene_only
ENSG00000226051.6	True	visible	visible	visible
ENSG00000231407.5	True	visible	visible	visible
ENSG00000242282.6	True	visible	visible	visible
ENSG00000227533.5	False	gene_only	gene_only	gene_only
ENSG00000224924.6	False	gene_only	gene_only	gene_only
ENSG00000218510.6	True	visible	visible	visible
ENSG00000235314.1	False	gene_only	gene_only	gene_only
ENSG00000236404.8	True	visible	visible	visible
ENSG00000238164.6	False	gene_only	gene_only	gene_only
ENSG00000238142.1	True	visible	visible	visible
ENSG00000234722.3	False	gene_only	gene_only	gene_only
ENSG00000225472.1	False	gene_only	gene_only	gene_only
ENSG00000231721.6	True	visible	visible	visible
ENSG00000226853.2	False	gene_only	gene_only	gene_only
ENSG00000233864.7	True	silent	visible	visible
ENSG00000244625.5	False	gene_only	gene_only	gene_only
ENSG00000228288.6	False	none	gene_only	gene_only
ENSG00000233937.6	False	gene_only	gene_only	gene_only
ENSG00000237037.9	True	visible	visible	visible
ENSG00000235954.6	True	visible	visible	visible
ENSG00000224177.6	False	gene_only	gene_only	gene_only
ENSG00000212978.6	False	gene_only	gene_only	gene_only
ENSG00000233230.1	False	gene_only	gene_only	gene_only
ENSG00000225733.5	True	visible	visible	visible
ENSG00000231920.1	True	silent	visible	visible
ENSG00000224958.5	True	visible	visible	visible
ENSG00000237298.9	True	visible	visible	visible
ENSG00000173811.10	False	none	gene_only	gene_only
ENSG00000233392.5	False	none	gene_only	gene_only
ENSG00000230798.5	True	visible	visible	visible
ENSG00000233521.5	False	none	gene_only	gene_only
ENSG00000272734.1	False	gene_only	gene_only	gene_only
ENSG00000226471.6	True	visible	visible	visible
ENSG00000233117.2	True	visible	visible	visible
ENSG00000235535.7	True	visible	visible	visible
ENSG00000226380.9	False	none	gene_only	gene_only
ENSG00000238005.2	True	silent	visible	visible
ENSG00000237928.5	True	silent	visible	visible
ENSG00000226266.6	False	gene_only	gene_only	gene_only
ENSG00000270087.5	False	none	gene_only	gene_only
ENSG00000224870.6	True	visible	visible	visible
ENSG00000236013.5	False	gene_only	gene_only	gene_only
ENSG00000232310.6	True	visible	visible	visible
ENSG00000223387.6	False	none	gene_only	gene_only
ENSG00000230590.8	True	visible	visible	visible
ENSG00000228203.6	False	none	gene_only	gene_only
ENSG00000225683.5	False	gene_only	gene_only	gene_only
ENSG00000225083.1	False	gene_only	gene_only	gene_only
ENSG00000238217.5	False	none	gene_only	gene_only
ENSG00000227953.6	True	visible	visible	visible
ENSG00000236502.1	False	gene_only	gene_only	gene_only
ENSG00000225465.8	False	gene_only	gene_only	gene_only
ENSG00000224023.10	True	visible	visible	visible
ENSG00000226822.2	False	gene_only	gene_only	gene_only
ENSG00000231770.5	False	gene_only	gene_only	gene_only
ENSG00000228265.5	True	visible	visible	visible
ENSG00000237819.5	False	gene_only	gene_only	gene_only
ENSG00000225484.6	True	visible	visible	visible
ENSG00000236017.8	False	gene_only	gene_only	gene_only
ENSG00000231890.7	False	none	gene_only	gene_only
ENSG00000226026.5	False	gene_only	gene_only	gene_only
ENSG00000239665.8	True	visible	visible	visible
ENSG00000226791.6	False	gene_only	gene_only	gene_only
ENSG00000250303.3	True	visible	visible	visible
ENSG00000234380.1	False	gene_only	gene_only	gene_only
ENSG00000244558.5	True	visible	visible	visible
ENSG00000229017.6	False	none	gene_only	gene_only
ENSG00000230910.2	False	gene_only	gene_only	gene_only
ENSG00000227373.5	True	silent	visible	visible
ENSG00000226091.7	True	visible	visible	visible
ENSG00000259974.2	False	gene_only	gene_only	gene_only
ENSG00000224843.6	True	silent	visible	visible
ENSG00000227110.6	False	gene_only	gene_only	gene_only
ENSG00000229267.2	False	gene_only	gene_only	gene_only
ENSG00000236671.7	True	silent	visible	visible
ENSG00000235033.7	False	none	gene_only	gene_only
ENSG00000236255.1	True	visible	visible	visible
ENSG00000228106.5	True	visible	visible	visible
ENSG00000232656.7	False	gene_only	gene_only	gene_only
ENSG00000226434.1	False	none	gene_only	gene_only
ENSG00000233483.2	True	visible	visible	visible
ENSG00000227946.1	False	gene_only	gene_only	gene_only
ENSG00000228857.2	False	none	gene_only	gene_only
ENSG00000226007.2	True	silent	visible	visible
ENSG00000231889.7	True	visible	visible	visible
ENSG00000214870.8	False	gene_only	gene_only	gene_only
ENSG00000229388.1	False	gene_only	gene_only	gene_only
ENSG00000231683.6	False	gene_only	gene_only	gene_only
ENSG00000224957.5	False	gene_only	gene_only	gene_only
ENSG00000223797.5	True	visible	visible	visible
ENSG00000273018.5	True	visible	visible	visible
ENSG00000230102.7	False	none	gene_only	gene_only
ENSG00000245556.2	False	gene_only	gene_only	gene_only
ENSG00000224397.5	True	visible	visible	visible
ENSG00000238057.8	False	none	gene_only	gene_only
ENSG00000230333.6	False	none	gene_only	gene_only
ENSG00000227906.7	False	gene_only	gene_only	gene_only
ENSG00000231768.1	False	none	gene_only	gene_only
ENSG00000228340.5	False	gene_only	gene_only	gene_only
ENSG00000236673.5	False	gene_only	gene_only	gene_only
ENSG00000229852.2	True	visible	visible	visible
ENSG00000231028.8	False	none	gene_only	gene_only
ENSG00000231711.2	False	gene_only	gene_only	gene_only
ENSG00000229153.5	True	silent	visible	visible
ENSG00000228302.2	False	gene_only	gene_only	gene_only
ENSG00000230844.2	False	gene_only	gene_only	gene_only
ENSG00000240240.8	False	none	gene_only	gene_only
ENSG00000224165.5	True	visible	visible	visible
ENSG00000283913.1	False	none	gene_only	gene_only
ENSG00000228624.7	True	visible	visible	visible
ENSG00000224167.1	False	none	gene_only	gene_only
ENSG00000237686.6	False	gene_only	gene_only	gene_only
ENSG00000236922.9	False	none	gene_only	gene_only
ENSG00000214783.9	False	gene_only	gene_only	gene_only
ENSG00000232940.5	False	gene_only	gene_only	gene_only
ENSG00000234810.2	True	visible	visible	visible
ENSG00000230442.5	False	gene_only	gene_only	gene_only
ENSG00000228315.11	True	visible	visible	visible
ENSG00000233723.7	False	gene_only	gene_only	gene_only
ENSG00000249790.2	False	none	gene_only	gene_only
ENSG00000236120.6	False	gene_only	gene_only	gene_only
ENSG00000221817.9	False	gene_only	gene_only	gene_only
ENSG00000232104.3	False	gene_only	gene_only	gene_only
ENSG00000233901.5	True	visible	visible	visible
ENSG00000153363.12	True	visible	visible	visible
ENSG00000229931.1	False	none	gene_only	gene_only
ENSG00000236088.9	True	visible	visible	visible
ENSG00000231252.2	False	none	gene_only	gene_only
ENSG00000233098.8	False	none	gene_only	gene_only
ENSG00000234452.5	False	gene_only	gene_only	gene_only
ENSG00000225439.2	True	visible	visible	visible
ENSG00000237036.4	False	gene_only	gene_only	gene_only
ENSG00000228801.5	False	gene_only	gene_only	gene_only
ENSG00000232079.6	False	gene_only	gene_only	gene_only
ENSG00000224259.6	True	visible	visible	visible
ENSG00000256546.1	False	gene_only	gene_only	gene_only
ENSG00000233766.7	False	gene_only	gene_only	gene_only
ENSG00000233930.3	False	gene_only	gene_only	gene_only
ENSG00000237054.9	False	gene_only	gene_only	gene_only
ENSG00000237352.3	True	visible	visible	visible
ENSG00000234177.5	False	none	gene_only	gene_only
ENSG00000238113.6	True	visible	visible	visible
ENSG00000232934.7	False	gene_only	gene_only	gene_only
ENSG00000233922.2	False	gene_only	gene_only	gene_only
ENSG00000237457.6	True	visible	visible	visible
ENSG00000185904.11	False	gene_only	gene_only	gene_only
ENSG00000225975.6	False	gene_only	gene_only	gene_only
ENSG00000233429.9	False	gene_only	gene_only	gene_only
ENSG00000230269.6	False	none	gene_only	gene_only
ENSG00000225062.1	True	visible	visible	visible
ENSG00000205664.10	False	none	gene_only	gene_only
ENSG00000237356.5	False	none	gene_only	gene_only
ENSG00000231107.1	False	gene_only	gene_only	gene_only
ENSG00000240291.1	True	visible	visible	visible
ENSG00000235016.1	False	none	gene_only	gene_only
ENSG00000234323.6	True	visible	visible	visible
ENSG00000239636.1	False	gene_only	gene_only	gene_only
ENSG00000237149.5	False	gene_only	gene_only	gene_only
ENSG00000225032.5	False	gene_only	gene_only	gene_only
ENSG00000228889.6	False	none	gene_only	gene_only
ENSG00000223653.5	False	none	gene_only	gene_only
ENSG00000231427.5	False	none	gene_only	gene_only
ENSG00000235527.6	True	visible	visible	visible
ENSG00000236333.3	False	gene_only	gene_only	gene_only
ENSG00000272780.5	False	none	gene_only	gene_only
ENSG00000233554.5	False	gene_only	gene_only	gene_only
ENSG00000226328.6	True	visible	visible	visible
ENSG00000230454.1	False	gene_only	gene_only	gene_only
ENSG00000239467.5	False	gene_only	gene_only	gene_only
ENSG00000225335.3	True	visible	visible	visible
ENSG00000239407.5	False	none	gene_only	gene_only
ENSG00000228395.1	False	gene_only	gene_only	gene_only
ENSG00000234171.2	False	gene_only	gene_only	gene_only
ENSG00000237380.6	False	none	gene_only	gene_only
ENSG00000234362.5	False	none	gene_only	gene_only
ENSG00000230943.1	False	gene_only	gene_only	gene_only
ENSG00000232995.7	False	gene_only	gene_only	gene_only
ENSG00000230530.1	False	none	gene_only	gene_only
ENSG00000236810.5	False	gene_only	gene_only	gene_only
ENSG00000230623.4	False	gene_only	gene_only	gene_only
ENSG00000237742.6	False	none	gene_only	gene_only
ENSG00000212694.8	True	visible	visible	visible
ENSG00000226833.5	False	none	gene_only	gene_only
ENSG00000225177.5	False	gene_only	gene_only	gene_only
ENSG00000235478.4	False	gene_only	gene_only	gene_only
ENSG00000224592.5	False	none	gene_only	gene_only
ENSG00000234608.7	True	visible	visible	visible
ENSG00000229240.8	True	visible	visible	visible
ENSG00000226824.6	False	none	gene_only	none
ENSG00000233818.1	False	gene_only	gene_only	gene_only
ENSG00000224905.6	False	gene_only	gene_only	gene_only
ENSG00000224596.7	True	visible	visible	visible
ENSG00000177788.5	False	none	gene_only	gene_only
ENSG00000233221.6	False	none	gene_only	gene_only
ENSG00000227117.6	False	gene_only	gene_only	gene_only
ENSG00000223403.3	False	gene_only	gene_only	gene_only
ENSG00000224945.1	False	gene_only	gene_only	gene_only
ENSG00000228061.5	False	none	gene_only	gene_only
ENSG00000230513.1	False	gene_only	gene_only	gene_only
ENSG00000225339.3	False	none	gene_only	gene_only
ENSG00000231764.8	False	none	gene_only	gene_only
ENSG00000224790.2	False	gene_only	none	none
ENSG00000228016.1	False	none	gene_only	gene_only
ENSG00000231187.2	True	visible	visible	visible
ENSG00000236790.5	False	none	gene_only	gene_only
ENSG00000236871.7	False	none	gene_only	gene_only
ENSG00000239415.1	False	gene_only	gene_only	gene_only
ENSG00000231064.7	True	visible	visible	visible
ENSG00000223382.4	False	none	gene_only	gene_only
ENSG00000227811.2	False	gene_only	gene_only	gene_only
ENSG00000277147.4	True	visible	visible	visible
ENSG00000229647.1	False	gene_only	gene_only	gene_only
ENSG00000227544.8	False	gene_only	gene_only	gene_only
ENSG00000227128.4	False	gene_only	gene_only	gene_only
ENSG00000225706.1	False	gene_only	gene_only	gene_only
ENSG00000230606.10	False	gene_only	gene_only	gene_only
ENSG00000231298.6	False	none	gene_only	gene_only
ENSG00000237499.6	False	gene_only	gene_only	gene_only
ENSG00000232044.6	False	gene_only	gene_only	gene_only
ENSG00000226251.5	False	none	gene_only	gene_only
ENSG00000236740.6	False	none	gene_only	gene_only
ENSG00000230615.6	True	visible	visible	visible
ENSG00000254929.6	False	gene_only	gene_only	gene_only
ENSG00000232485.2	False	none	gene_only	gene_only
ENSG00000227388.2	False	gene_only	gene_only	gene_only
ENSG00000234506.5	False	gene_only	gene_only	gene_only
ENSG00000228412.7	True	silent	visible	visible
ENSG00000228701.1	False	gene_only	gene_only	gene_only
ENSG00000204685.6	False	none	gene_only	gene_only
ENSG00000228791.7	False	none	gene_only	gene_only
ENSG00000235026.5	False	none	gene_only	gene_only
ENSG00000233334.3	False	gene_only	gene_only	gene_only
ENSG00000233251.7	False	gene_only	gene_only	gene_only
ENSG00000230368.2	False	gene_only	gene_only	gene_only
ENSG00000235437.7	True	visible	visible	visible
ENSG00000230461.8	False	gene_only	gene_only	gene_only
ENSG00000228065.10	False	none	gene_only	gene_only
ENSG00000249700.8	True	visible	visible	visible
ENSG00000248275.1	True	visible	visible	visible
ENSG00000229743.2	False	gene_only	gene_only	gene_only
ENSG00000224046.1	True	visible	visible	visible
ENSG00000271860.6	False	none	gene_only	gene_only
ENSG00000234840.1	False	gene_only	gene_only	gene_only
ENSG00000228436.2	True	visible	visible	visible
ENSG00000233038.5	True	visible	visible	visible
ENSG00000225302.2	False	gene_only	gene_only	gene_only
ENSG00000231574.5	False	none	gene_only	gene_only
ENSG00000230084.5	False	gene_only	gene_only	gene_only
ENSG00000227060.6	False	none	gene_only	gene_only
ENSG00000233532.5	False	gene_only	gene_only	gene_only
ENSG00000227115.7	False	gene_only	gene_only	gene_only
ENSG00000223891.5	True	visible	visible	visible
ENSG00000233005.1	True	silent	visible	visible
ENSG00000237595.3	False	none	gene_only	gene_only
ENSG00000230148.8	False	gene_only	gene_only	gene_only
ENSG00000235706.7	True	visible	visible	visible
ENSG00000230337.1	False	gene_only	gene_only	gene_only
ENSG00000203709.11	False	gene_only	gene_only	gene_only
ENSG00000233593.8	True	visible	visible	visible
ENSG00000225434.2	False	gene_only	gene_only	gene_only
ENSG00000236008.1	False	gene_only	gene_only	gene_only
ENSG00000229797.1	False	gene_only	gene_only	gene_only
ENSG00000227403.1	False	none	gene_only	gene_only
ENSG00000175772.10	False	gene_only	gene_only	gene_only
ENSG00000232628.5	True	silent	visible	visible
ENSG00000234336.6	True	visible	visible	visible
ENSG00000236939.2	False	none	gene_only	gene_only
ENSG00000231160.9	True	visible	visible	visible
ENSG00000229124.6	False	none	gene_only	gene_only
ENSG00000231769.2	False	gene_only	gene_only	gene_only
ENSG00000229896.2	False	none	gene_only	gene_only
ENSG00000233058.1	True	visible	visible	visible
ENSG00000230487.7	True	silent	visible	visible
ENSG00000236208.1	False	gene_only	gene_only	gene_only
ENSG00000230490.2	False	none	gene_only	gene_only
ENSG00000249307.5	False	gene_only	gene_only	gene_only
ENSG00000203706.8	False	gene_only	gene_only	gene_only
ENSG00000180139.11	False	gene_only	gene_only	gene_only
ENSG00000231212.1	False	none	gene_only	gene_only
ENSG00000230725.5	False	gene_only	gene_only	gene_only
ENSG00000231437.3	False	gene_only	gene_only	gene_only
ENSG00000223812.5	False	none	gene_only	gene_only
ENSG00000235501.5	False	gene_only	gene_only	gene_only
ENSG00000225793.2	False	none	gene_only	gene_only
ENSG00000234665.8	False	none	gene_only	gene_only
ENSG00000226686.7	True	visible	visible	visible
ENSG00000228127.2	False	none	gene_only	gene_only
ENSG00000228221.5	True	silent	visible	visible
ENSG00000236039.2	True	visible	visible	visible
ENSG00000237813.3	True	silent	visible	visible
ENSG00000224914.3	False	none	gene_only	gene_only
ENSG00000223485.2	True	visible	visible	visible
ENSG00000227071.1	False	none	gene_only	gene_only
ENSG00000238197.5	True	silent	visible	visible
ENSG00000225595.2	False	none	gene_only	gene_only
ENSG00000237188.3	True	visible	silent	silent
ENSG00000233705.6	True	silent	visible	visible
ENSG00000231908.1	False	gene_only	gene_only	gene_only
ENSG00000274020.2	True	visible	visible	visible
ENSG00000241764.3	False	none	gene_only	gene_only
ENSG00000226403.1	False	gene_only	gene_only	gene_only
ENSG00000236947.5	False	none	gene_only	gene_only
ENSG00000232406.6	False	none	gene_only	gene_only
ENSG00000235513.1	False	gene_only	gene_only	gene_only
ENSG00000250608.1	False	gene_only	gene_only	gene_only
ENSG00000227039.6	False	gene_only	gene_only	gene_only
ENSG00000227591.5	True	visible	visible	visible
ENSG00000227053.1	True	visible	visible	visible
ENSG00000277631.4	False	none	gene_only	gene_only
ENSG00000232645.5	True	visible	visible	visible
ENSG00000234350.4	False	gene_only	gene_only	gene_only
ENSG00000226200.6	False	none	none	none
ENSG00000228651.1	False	none	gene_only	gene_only
ENSG00000225855.6	True	visible	visible	visible
ENSG00000225489.6	False	gene_only	gene_only	gene_only
ENSG00000232977.6	False	none	gene_only	gene_only
ENSG00000228863.8	False	gene_only	gene_only	gene_only
ENSG00000228408.6	False	none	gene_only	gene_only
ENSG00000267532.5	True	visible	visible	visible
ENSG00000224699.8	True	visible	visible	visible
ENSG00000272168.6	True	visible	visible	visible
ENSG00000237372.2	True	visible	visible	visible
ENSG00000223414.2	False	gene_only	gene_only	gene_only
ENSG00000227258.5	True	visible	visible	visible
ENSG00000236144.6	False	gene_only	gene_only	gene_only
ENSG00000224318.5	False	none	gene_only	gene_only
ENSG00000244041.7	True	visible	visible	visible
ENSG00000228393.3	True	visible	visible	visible
ENSG00000237943.6	False	gene_only	gene_only	gene_only
ENSG00000229619.3	False	gene_only	gene_only	gene_only
ENSG00000225778.5	False	gene_only	gene_only	gene_only
ENSG00000237310.1	False	gene_only	gene_only	gene_only
ENSG00000234684.6	False	gene_only	none	none
ENSG00000233184.6	False	gene_only	gene_only	gene_only
ENSG00000233178.7	False	gene_only	gene_only	gene_only
ENSG00000237512.6	True	visible	visible	visible
ENSG00000215481.9	False	gene_only	gene_only	gene_only
ENSG00000145063.14	True	silent	visible	visible
ENSG00000234520.5	False	gene_only	gene_only	gene_only
ENSG00000232671.5	False	none	gene_only	gene_only
ENSG00000231133.6	False	gene_only	gene_only	gene_only
ENSG00000163597.14	True	visible	visible	visible
ENSG00000281398.2	False	gene_only	gene_only	gene_only
ENSG00000233527.8	True	visible	visible	visible
ENSG00000229425.2	True	visible	visible	visible
ENSG00000235978.6	True	visible	visible	visible
ENSG00000231113.2	False	gene_only	gene_only	gene_only
ENSG00000227954.6	True	silent	visible	visible
ENSG00000225792.1	False	gene_only	gene_only	gene_only
ENSG00000227165.7	False	none	gene_only	gene_only
ENSG00000229116.2	False	gene_only	gene_only	gene_only
ENSG00000235652.7	False	gene_only	gene_only	gene_only
ENSG00000232354.8	False	none	gene_only	gene_only
ENSG00000234949.2	False	none	gene_only	gene_only
ENSG00000235919.4	False	gene_only	gene_only	gene_only
ENSG00000233396.7	True	visible	visible	visible
ENSG00000227634.2	False	none	gene_only	gene_only
ENSG00000225791.6	False	gene_only	gene_only	gene_only
ENSG00000270604.5	False	none	gene_only	gene_only
ENSG00000227036.6	True	visible	visible	visible
ENSG00000237938.5	False	none	gene_only	gene_only
ENSG00000233006.6	True	visible	visible	visible
ENSG00000225963.7	False	none	gene_only	gene_only
ENSG00000231731.7	False	gene_only	gene_only	gene_only
ENSG00000233672.6	False	gene_only	gene_only	gene_only
ENSG00000225361.3	False	none	gene_only	gene_only
ENSG00000240350.2	False	gene_only	gene_only	gene_only
ENSG00000227455.2	False	none	gene_only	gene_only
ENSG00000235979.8	True	visible	visible	visible
ENSG00000227354.6	False	gene_only	none	none
ENSG00000231856.2	False	gene_only	gene_only	gene_only
ENSG00000228812.7	False	gene_only	gene_only	gene_only
ENSG00000250903.8	False	gene_only	gene_only	gene_only
ENSG00000213904.8	True	visible	visible	visible
ENSG00000235560.3	False	gene_only	gene_only	gene_only
ENSG00000180539.7	False	gene_only	gene_only	gene_only
ENSG00000235531.9	True	visible	visible	visible
ENSG00000225655.5	True	visible	visible	visible
ENSG00000228775.7	False	none	none	none
ENSG00000240086.5	False	none	gene_only	gene_only
ENSG00000271147.7	True	visible	visible	visible
ENSG00000175061.17	True	visible	visible	visible
ENSG00000243176.5	True	visible	visible	visible
ENSG00000241684.5	False	none	gene_only	gene_only
ENSG00000204934.10	False	none	gene_only	gene_only
ENSG00000242808.7	False	gene_only	gene_only	gene_only
ENSG00000197989.13	True	visible	visible	visible
ENSG00000239213.5	False	gene_only	gene_only	gene_only
ENSG00000239445.5	False	gene_only	gene_only	gene_only
ENSG00000267272.5	True	visible	visible	visible
ENSG00000244479.6	False	gene_only	gene_only	gene_only
ENSG00000241163.7	True	silent	visible	visible
ENSG00000241472.6	False	none	gene_only	gene_only
ENSG00000242474.2	False	none	gene_only	gene_only
ENSG00000242516.1	False	gene_only	gene_only	gene_only
ENSG00000239523.5	False	gene_only	gene_only	gene_only
ENSG00000243926.1	False	gene_only	gene_only	gene_only
ENSG00000242428.5	False	gene_only	gene_only	gene_only
ENSG00000240137.5	False	gene_only	gene_only	gene_only
ENSG00000244300.2	False	gene_only	gene_only	gene_only
ENSG00000227733.9	True	visible	visible	visible
ENSG00000241316.6	False	gene_only	gene_only	gene_only
ENSG00000240207.6	False	gene_only	gene_only	gene_only
ENSG00000241860.6	False	gene_only	gene_only	gene_only
ENSG00000271554.1	False	none	gene_only	gene_only
ENSG00000243836.5	False	none	gene_only	gene_only
ENSG00000243701.5	True	visible	visible	visible
ENSG00000239922.1	True	visible	visible	visible
ENSG00000242242.5	False	none	gene_only	gene_only
ENSG00000240005.5	True	silent	silent	visible
ENSG00000282057.1	False	gene_only	gene_only	gene_only
ENSG00000243069.7	True	visible	visible	visible
ENSG00000241135.5	True	visible	visible	visible
ENSG00000239332.5	False	gene_only	gene_only	gene_only
ENSG00000206573.8	True	visible	visible	visible
ENSG00000242686.4	False	gene_only	gene_only	gene_only
ENSG00000241288.7	True	visible	visible	visible
ENSG00000242622.1	False	gene_only	gene_only	gene_only
ENSG00000243083.5	True	visible	visible	visible
ENSG00000272030.1	False	none	gene_only	gene_only
ENSG00000196668.3	False	gene_only	gene_only	gene_only
ENSG00000244128.5	False	gene_only	gene_only	gene_only
ENSG00000241158.5	True	silent	visible	visible
ENSG00000240859.1	False	gene_only	gene_only	gene_only
ENSG00000256124.5	False	gene_only	gene_only	gene_only
ENSG00000240875.5	False	gene_only	gene_only	gene_only
ENSG00000242759.6	True	visible	visible	visible
ENSG00000269609.5	False	gene_only	gene_only	gene_only
ENSG00000257524.5	False	none	none	none
ENSG00000251396.6	False	none	gene_only	gene_only
ENSG00000241570.8	True	visible	visible	visible
ENSG00000239677.6	False	none	gene_only	gene_only
ENSG00000240990.9	False	gene_only	gene_only	gene_only
ENSG00000276850.4	False	gene_only	gene_only	gene_only
ENSG00000244513.6	False	none	gene_only	gene_only
ENSG00000239381.6	False	none	gene_only	gene_only
ENSG00000270164.1	False	none	gene_only	gene_only
ENSG00000284048.1	False	gene_only	none	none
ENSG00000242593.5	False	gene_only	gene_only	gene_only
ENSG00000261606.5	False	none	gene_only	gene_only
ENSG00000238755.3	False	none	gene_only	gene_only
ENSG00000243193.4	False	none	gene_only	gene_only
ENSG00000247828.7	True	visible	visible	visible
ENSG00000246273.6	True	visible	visible	visible
ENSG00000248049.6	True	visible	visible	visible
ENSG00000245750.7	False	gene_only	gene_only	gene_only
ENSG00000245248.7	False	gene_only	gene_only	gene_only
ENSG00000246223.8	True	visible	visible	visible
ENSG00000245573.7	False	gene_only	gene_only	gene_only
ENSG00000245293.2	False	gene_only	gene_only	gene_only
ENSG00000246985.7	False	gene_only	gene_only	gene_only
ENSG00000245498.6	True	visible	visible	visible
ENSG00000246090.6	False	gene_only	gene_only	gene_only
ENSG00000245146.6	True	visible	visible	visible
ENSG00000247240.7	False	gene_only	gene_only	gene_only
ENSG00000245468.3	False	gene_only	gene_only	gene_only
ENSG00000247157.6	False	gene_only	gene_only	gene_only
ENSG00000247193.2	False	none	gene_only	gene_only
ENSG00000245213.6	True	visible	visible	visible
ENSG00000244879.6	True	visible	visible	visible
ENSG00000245937.7	True	visible	visible	visible
ENSG00000247950.6	False	gene_only	gene_only	gene_only
ENSG00000245149.3	True	visible	visible	visible
ENSG00000246430.6	False	gene_only	gene_only	gene_only
ENSG00000247708.7	False	gene_only	gene_only	gene_only
ENSG00000247796.2	False	gene_only	gene_only	gene_only
ENSG00000247400.3	False	gene_only	gene_only	gene_only
ENSG00000246523.7	False	none	gene_only	gene_only
ENSG00000247081.7	True	silent	visible	visible
ENSG00000245281.6	True	visible	visible	visible
ENSG00000246982.6	False	none	gene_only	gene_only
ENSG00000245812.2	False	gene_only	gene_only	gene_only
ENSG00000246263.2	False	gene_only	gene_only	gene_only
ENSG00000246731.2	False	gene_only	gene_only	gene_only
ENSG00000245904.3	True	visible	visible	visible
ENSG00000245532.7	True	visible	visible	visible
ENSG00000246100.3	False	gene_only	gene_only	gene_only
ENSG00000245888.6	False	gene_only	gene_only	gene_only
ENSG00000245849.6	False	gene_only	gene_only	gene_only
ENSG00000247287.2	True	visible	visible	visible
ENSG00000246695.7	False	gene_only	gene_only	gene_only
ENSG00000246174.7	False	gene_only	gene_only	gene_only
ENSG00000246089.3	True	visible	visible	visible
ENSG00000247572.7	True	visible	visible	visible
ENSG00000246889.2	False	gene_only	gene_only	gene_only
ENSG00000246022.2	False	none	gene_only	gene_only
ENSG00000247774.6	False	gene_only	gene_only	gene_only
ENSG00000247092.6	True	visible	visible	visible
ENSG00000247095.2	True	visible	visible	visible
ENSG00000245614.3	False	none	gene_only	gene_only
ENSG00000247416.2	False	none	gene_only	gene_only
ENSG00000247137.8	True	visible	visible	visible
ENSG00000245598.6	False	none	gene_only	gene_only
ENSG00000244968.6	False	gene_only	gene_only	gene_only
ENSG00000248019.2	False	gene_only	gene_only	gene_only
ENSG00000247134.6	False	gene_only	gene_only	gene_only
ENSG00000246582.2	False	none	gene_only	gene_only
ENSG00000247556.6	True	visible	visible	visible
ENSG00000246067.7	True	visible	visible	visible
ENSG00000247271.6	True	silent	visible	visible
ENSG00000246528.3	True	silent	visible	visible
ENSG00000248079.2	False	gene_only	gene_only	gene_only
ENSG00000245694.9	True	visible	visible	visible
ENSG00000246339.5	False	gene_only	gene_only	gene_only
ENSG00000246379.6	False	gene_only	gene_only	gene_only
ENSG00000245275.7	False	none	gene_only	gene_only
ENSG00000247121.6	False	gene_only	gene_only	gene_only
ENSG00000245552.6	False	none	gene_only	gene_only
ENSG00000214432.9	False	gene_only	gene_only	gene_only
ENSG00000246662.6	False	none	gene_only	gene_only
ENSG00000245017.2	False	gene_only	gene_only	gene_only
ENSG00000247982.6	False	none	gene_only	gene_only
ENSG00000245571.6	False	gene_only	gene_only	gene_only
ENSG00000245685.6	False	gene_only	gene_only	gene_only
ENSG00000245060.6	False	gene_only	gene_only	gene_only
ENSG00000247516.6	False	gene_only	gene_only	gene_only
ENSG00000247675.6	False	none	gene_only	gene_only
ENSG00000245025.2	False	none	gene_only	gene_only
ENSG00000247809.7	True	visible	visible	visible
ENSG00000247317.3	True	visible	visible	visible
ENSG00000250320.5	False	none	gene_only	gene_only
ENSG00000245526.10	True	visible	visible	visible
ENSG00000237125.8	True	visible	visible	visible
ENSG00000178722.12	False	none	gene_only	gene_only
ENSG00000250365.6	False	none	gene_only	gene_only
ENSG00000250802.6	True	silent	visible	visible
ENSG00000249267.6	False	gene_only	gene_only	gene_only
ENSG00000251372.5	False	none	gene_only	gene_only
ENSG00000249328.2	True	visible	visible	visible
ENSG00000248714.6	False	none	gene_only	gene_only
ENSG00000248161.5	True	visible	visible	visible
ENSG00000248890.1	False	gene_only	gene_only	gene_only
ENSG00000250938.5	False	gene_only	gene_only	gene_only
ENSG00000249364.5	False	gene_only	gene_only	gene_only
ENSG00000237187.8	True	visible	visible	visible
ENSG00000248174.5	False	none	gene_only	gene_only
ENSG00000251141.5	True	visible	visible	visible
ENSG00000249592.5	False	gene_only	gene_only	gene_only
ENSG00000251442.5	False	gene_only	gene_only	gene_only
ENSG00000248587.7	False	gene_only	gene_only	gene_only
ENSG00000250999.1	False	gene_only	gene_only	gene_only
ENSG00000250041.2	True	visible	visible	visible
ENSG00000248092.7	True	visible	visible	visible
ENSG00000250007.6	False	none	gene_only	gene_only
ENSG00000250328.5	True	visible	visible	visible
ENSG00000250132.6	True	visible	visible	visible
ENSG00000248429.5	False	none	gene_only	gene_only
ENSG00000251022.6	False	gene_only	gene_only	gene_only
ENSG00000249673.6	True	visible	visible	visible
ENSG00000249509.1	False	none	gene_only	gene_only
ENSG00000251136.8	False	gene_only	gene_only	gene_only
ENSG00000251364.6	True	visible	visible	visible
ENSG00000248508.6	True	visible	visible	visible
ENSG00000249042.5	True	visible	visible	visible
ENSG00000251602.6	False	gene_only	gene_only	gene_only
ENSG00000249306.5	True	silent	visible	visible
ENSG00000249816.6	False	none	gene_only	gene_only
ENSG00000249859.9	True	visible	visible	visible
ENSG00000249846.6	False	none	gene_only	gene_only
ENSG00000248858.7	False	none	gene_only	gene_only
ENSG00000152931.7	True	silent	visible	visible
ENSG00000250073.2	True	visible	visible	visible
ENSG00000251432.6	True	visible	visible	visible
ENSG00000248360.7	False	gene_only	gene_only	gene_only
ENSG00000251165.5	True	visible	visible	visible
ENSG00000251450.1	False	none	gene_only	gene_only
ENSG00000249669.9	True	visible	visible	visible
ENSG00000250241.5	False	gene_only	gene_only	gene_only
ENSG00000196810.4	True	visible	visible	visible
ENSG00000250056.5	True	visible	visible	visible
ENSG00000250451.5	True	silent	visible	visible
ENSG00000249203.1	False	none	gene_only	gene_only
ENSG00000250208.6	False	gene_only	gene_only	gene_only
ENSG00000248455.5	False	none	gene_only	gene_only
ENSG00000249487.6	True	silent	visible	visible
ENSG00000249740.2	True	visible	visible	visible
ENSG00000249173.5	False	gene_only	gene_only	gene_only
ENSG00000249249.1	False	gene_only	gene_only	gene_only
ENSG00000248810.1	False	none	gene_only	gene_only
ENSG00000250198.1	False	gene_only	gene_only	gene_only
ENSG00000250891.1	False	gene_only	gene_only	gene_only
ENSG00000250846.6	False	none	gene_only	gene_only
ENSG00000250326.1	False	none	gene_only	gene_only
ENSG00000281501.1	True	visible	visible	visible
ENSG00000250012.1	False	gene_only	gene_only	gene_only
ENSG00000251661.3	False	gene_only	gene_only	gene_only
ENSG00000249464.5	True	silent	visible	visible
ENSG00000250786.1	False	gene_only	gene_only	gene_only
ENSG00000250159.6	True	visible	visible	visible
ENSG00000248668.2	False	none	gene_only	gene_only
ENSG00000250978.5	False	gene_only	gene_only	gene_only
ENSG00000248309.7	True	visible	visible	visible
ENSG00000250742.2	False	gene_only	gene_only	gene_only
ENSG00000248441.6	False	gene_only	gene_only	gene_only
ENSG00000250548.6	True	visible	visible	visible
ENSG00000251562.7	True	visible	visible	visible
ENSG00000250222.1	True	visible	visible	visible
ENSG00000248671.7	True	visible	visible	visible
ENSG00000248636.6	False	gene_only	gene_only	gene_only
ENSG00000251151.2	False	gene_only	gene_only	gene_only
ENSG00000249532.5	False	gene_only	gene_only	gene_only
ENSG00000251257.2	False	gene_only	gene_only	gene_only
ENSG00000251230.5	False	gene_only	gene_only	gene_only
ENSG00000250934.1	False	gene_only	gene_only	gene_only
ENSG00000251637.6	True	visible	visible	visible
ENSG00000248994.1	False	gene_only	gene_only	gene_only
ENSG00000248738.6	False	gene_only	gene_only	gene_only
ENSG00000248323.5	False	gene_only	gene_only	gene_only
ENSG00000248801.6	False	gene_only	gene_only	gene_only
ENSG00000196951.10	True	visible	visible	visible
ENSG00000251580.1	False	gene_only	gene_only	gene_only
ENSG00000251002.7	False	none	gene_only	gene_only
ENSG00000249738.8	True	silent	visible	visible
ENSG00000249898.7	True	silent	visible	visible
ENSG00000253320.5	True	visible	visible	visible
ENSG00000253716.5	True	visible	visible	visible
ENSG00000253773.2	False	none	gene_only	gene_only
ENSG00000254109.5	False	gene_only	gene_only	gene_only
ENSG00000253552.7	True	visible	visible	visible
ENSG00000253230.8	False	gene_only	gene_only	gene_only
ENSG00000253764.1	False	none	gene_only	gene_only
ENSG00000253549.5	False	gene_only	gene_only	gene_only
ENSG00000253686.1	False	gene_only	gene_only	gene_only
ENSG00000253426.5	False	gene_only	gene_only	gene_only
ENSG00000167912.5	True	visible	visible	visible
ENSG00000253210.1	False	none	gene_only	gene_only
ENSG00000253982.1	True	visible	visible	visible
ENSG00000253661.1	True	visible	visible	visible
ENSG00000273345.5	True	visible	visible	visible
ENSG00000254235.5	True	visible	visible	visible
ENSG00000253123.3	False	none	gene_only	gene_only
ENSG00000204758.7	False	none	gene_only	gene_only
ENSG00000253352.8	True	visible	visible	visible
ENSG00000253214.1	False	none	gene_only	gene_only
ENSG00000253633.1	False	none	gene_only	gene_only
ENSG00000253187.2	True	visible	visible	visible
ENSG00000253807.5	True	visible	visible	visible
ENSG00000253161.5	True	visible	visible	visible
ENSG00000253671.1	False	gene_only	gene_only	gene_only
ENSG00000254211.5	False	gene_only	gene_only	gene_only
ENSG00000245910.8	True	visible	visible	visible
ENSG00000253389.2	False	gene_only	gene_only	gene_only
ENSG00000254343.2	False	gene_only	gene_only	gene_only
ENSG00000253559.1	False	gene_only	gene_only	gene_only
ENSG00000254377.5	False	none	gene_only	gene_only
ENSG00000253177.1	False	none	gene_only	gene_only
ENSG00000254231.1	False	none	gene_only	gene_only
ENSG00000254615.2	True	visible	visible	visible
ENSG00000253642.5	False	none	gene_only	gene_only
ENSG00000253738.1	True	visible	visible	visible
ENSG00000253842.1	False	none	gene_only	gene_only
ENSG00000254363.6	False	none	gene_only	gene_only
ENSG00000253877.5	False	gene_only	gene_only	gene_only
ENSG00000255248.7	True	visible	visible	visible
ENSG00000254427.1	False	gene_only	gene_only	gene_only
ENSG00000255328.1	False	none	gene_only	gene_only
ENSG00000255062.1	True	visible	visible	visible
ENSG00000255026.1	False	none	gene_only	gene_only
ENSG00000254560.5	False	none	gene_only	gene_only
ENSG00000196696.12	False	gene_only	gene_only	gene_only
ENSG00000254860.5	False	gene_only	gene_only	gene_only
ENSG00000177112.7	True	visible	visible	visible
ENSG00000254489.1	False	none	gene_only	gene_only
ENSG00000255284.1	True	visible	visible	visible
ENSG00000255435.6	False	none	gene_only	gene_only
ENSG00000254510.1	False	none	gene_only	gene_only
ENSG00000255121.2	False	none	gene_only	gene_only
ENSG00000255129.5	False	none	gene_only	gene_only
ENSG00000254614.2	False	gene_only	gene_only	gene_only
ENSG00000230724.9	True	silent	visible	visible
ENSG00000255458.5	False	none	gene_only	gene_only
ENSG00000255031.5	False	gene_only	gene_only	gene_only
ENSG00000255182.2	False	gene_only	gene_only	gene_only
ENSG00000255517.6	False	gene_only	gene_only	gene_only
ENSG00000254815.5	False	gene_only	gene_only	gene_only
ENSG00000255197.5	True	silent	visible	visible
ENSG00000254531.1	False	gene_only	gene_only	gene_only
ENSG00000204241.7	False	gene_only	gene_only	gene_only
ENSG00000254635.5	False	gene_only	gene_only	gene_only
ENSG00000254602.1	False	none	gene_only	gene_only
ENSG00000255545.7	False	none	gene_only	gene_only
ENSG00000255399.3	False	gene_only	gene_only	gene_only
ENSG00000260669.2	False	gene_only	gene_only	gene_only
ENSG00000283341.1	False	gene_only	gene_only	gene_only
ENSG00000215374.5	False	none	gene_only	gene_only
ENSG00000254990.5	False	gene_only	gene_only	gene_only
ENSG00000255234.5	False	gene_only	gene_only	gene_only
ENSG00000255135.3	False	gene_only	gene_only	gene_only
ENSG00000255139.1	False	none	gene_only	gene_only
ENSG00000255198.4	True	visible	visible	visible
ENSG00000255468.6	True	visible	visible	visible
ENSG00000175773.12	False	none	none	none
ENSG00000258604.1	True	visible	visible	visible
ENSG00000255363.2	False	none	gene_only	gene_only
ENSG00000225138.7	False	gene_only	gene_only	gene_only
ENSG00000256116.1	False	gene_only	gene_only	gene_only
ENSG00000256001.1	False	gene_only	gene_only	gene_only
ENSG00000255693.1	False	none	gene_only	gene_only
ENSG00000255717.6	False	gene_only	gene_only	gene_only
ENSG00000255857.5	True	visible	visible	visible
ENSG00000255650.5	False	none	gene_only	gene_only
ENSG00000255571.8	True	visible	visible	visible
ENSG00000256802.2	False	gene_only	gene_only	gene_only
ENSG00000256540.1	False	gene_only	gene_only	gene_only
ENSG00000256967.1	False	gene_only	gene_only	gene_only
ENSG00000256654.3	False	gene_only	gene_only	gene_only
ENSG00000256940.1	True	visible	visible	visible
ENSG00000256508.2	False	gene_only	gene_only	gene_only
ENSG00000256422.5	False	gene_only	gene_only	gene_only
ENSG00000256008.2	True	visible	visible	visible
ENSG00000256092.2	False	gene_only	gene_only	gene_only
ENSG00000250988.7	True	visible	visible	visible
ENSG00000255772.5	False	none	gene_only	gene_only
ENSG00000257337.6	True	visible	visible	visible
ENSG00000257698.1	False	gene_only	gene_only	gene_only
ENSG00000257556.1	False	gene_only	gene_only	gene_only
ENSG00000257242.7	True	visible	visible	visible
ENSG00000257135.5	False	none	gene_only	gene_only
ENSG00000258017.1	False	gene_only	gene_only	gene_only
ENSG00000257913.2	False	none	gene_only	gene_only
ENSG00000258325.2	False	gene_only	gene_only	gene_only
ENSG00000257433.5	False	gene_only	gene_only	gene_only
ENSG00000235884.3	False	gene_only	gene_only	gene_only
ENSG00000257285.5	False	gene_only	gene_only	gene_only
ENSG00000272368.2	False	gene_only	gene_only	gene_only
ENSG00000258168.5	False	gene_only	gene_only	gene_only
ENSG00000258297.1	False	gene_only	gene_only	gene_only
ENSG00000257595.2	True	silent	visible	visible
ENSG00000258057.5	False	gene_only	gene_only	gene_only
ENSG00000257252.5	True	visible	visible	visible
ENSG00000257702.3	False	gene_only	gene_only	gene_only
ENSG00000257599.1	False	none	gene_only	gene_only
ENSG00000257815.5	True	visible	visible	visible
ENSG00000257894.2	False	gene_only	gene_only	gene_only
ENSG00000257303.1	False	gene_only	gene_only	gene_only
ENSG00000257219.5	False	none	gene_only	gene_only
ENSG00000257259.1	False	none	gene_only	gene_only
ENSG00000257261.5	True	visible	visible	visible
ENSG00000257621.7	True	visible	visible	visible
ENSG00000257176.2	False	gene_only	gene_only	gene_only
ENSG00000258702.1	False	gene_only	gene_only	gene_only
ENSG00000259065.1	False	gene_only	gene_only	gene_only
ENSG00000258867.5	True	visible	visible	visible
ENSG00000258498.8	True	silent	visible	visible
ENSG00000258733.5	False	gene_only	gene_only	gene_only
ENSG00000258959.1	False	gene_only	gene_only	gene_only
ENSG00000258458.5	False	none	none	none
ENSG00000272888.5	True	visible	visible	visible
ENSG00000258545.5	False	gene_only	gene_only	gene_only
ENSG00000157306.14	True	visible	visible	visible
ENSG00000259153.1	True	visible	visible	visible
ENSG00000258301.3	False	gene_only	gene_only	gene_only
ENSG00000258476.5	False	gene_only	gene_only	gene_only
ENSG00000258584.1	False	none	gene_only	gene_only
ENSG00000259146.3	False	gene_only	gene_only	gene_only
ENSG00000258603.3	False	gene_only	gene_only	gene_only
ENSG00000258561.1	False	gene_only	gene_only	gene_only
ENSG00000258441.1	False	gene_only	gene_only	gene_only
ENSG00000258752.1	False	none	none	gene_only
ENSG00000258819.1	False	none	gene_only	gene_only
ENSG00000258754.7	False	none	gene_only	gene_only
ENSG00000259118.5	False	gene_only	gene_only	gene_only
ENSG00000258580.1	False	none	gene_only	gene_only
ENSG00000258910.2	True	silent	visible	visible
ENSG00000259234.5	False	none	gene_only	gene_only
ENSG00000259448.2	False	gene_only	gene_only	gene_only
ENSG00000232386.9	False	none	gene_only	gene_only
ENSG00000259370.2	False	gene_only	gene_only	gene_only
ENSG00000259347.6	True	visible	visible	visible
ENSG00000259772.6	True	visible	visible	visible
ENSG00000259363.5	True	visible	visible	visible
ENSG00000259345.5	True	visible	visible	visible
ENSG00000259319.1	False	gene_only	gene_only	gene_only
ENSG00000225766.9	False	gene_only	gene_only	gene_only
ENSG00000189419.6	True	visible	visible	visible
ENSG00000259291.2	False	gene_only	gene_only	gene_only
ENSG00000259251.2	False	none	gene_only	gene_only
ENSG00000259275.2	False	none	gene_only	gene_only
ENSG00000259248.5	True	silent	visible	visible
ENSG00000259456.3	False	gene_only	gene_only	gene_only
ENSG00000259520.5	False	none	gene_only	gene_only
ENSG00000259495.2	True	visible	visible	visible
ENSG00000259343.5	True	visible	visible	visible
ENSG00000259673.5	False	gene_only	gene_only	gene_only
ENSG00000259446.5	True	silent	visible	visible
ENSG00000176753.5	False	none	gene_only	gene_only
ENSG00000259577.1	False	gene_only	gene_only	gene_only
ENSG00000259583.2	True	visible	visible	visible
ENSG00000234377.7	False	none	gene_only	gene_only
ENSG00000259380.5	False	gene_only	gene_only	gene_only
ENSG00000261824.6	True	visible	visible	visible
ENSG00000260442.5	False	gene_only	gene_only	gene_only
ENSG00000259964.6	True	silent	visible	visible
ENSG00000260653.5	False	none	gene_only	gene_only
ENSG00000261008.6	True	silent	visible	visible
ENSG00000261296.1	False	gene_only	gene_only	gene_only
ENSG00000261227.2	False	gene_only	gene_only	gene_only
ENSG00000213599.10	False	gene_only	gene_only	gene_only
ENSG00000260186.5	False	gene_only	gene_only	gene_only
ENSG00000259972.2	False	gene_only	gene_only	gene_only
ENSG00000261094.2	False	gene_only	gene_only	gene_only
ENSG00000261064.1	False	gene_only	gene_only	gene_only
ENSG00000260469.2	False	none	gene_only	gene_only
ENSG00000261801.5	False	gene_only	gene_only	gene_only
ENSG00000261126.7	False	gene_only	gene_only	gene_only
ENSG00000260750.5	False	gene_only	gene_only	gene_only
ENSG00000260807.6	False	gene_only	gene_only	gene_only
ENSG00000261487.1	False	none	gene_only	gene_only
ENSG00000260565.6	False	gene_only	gene_only	gene_only
ENSG00000260778.5	False	gene_only	gene_only	gene_only
ENSG00000260136.5	True	visible	visible	visible
ENSG00000260517.2	True	visible	visible	visible
ENSG00000273036.2	True	visible	visible	visible
ENSG00000261253.2	True	visible	visible	visible
ENSG00000261329.5	False	gene_only	gene_only	gene_only
ENSG00000261360.1	False	gene_only	gene_only	gene_only
ENSG00000260448.5	False	gene_only	gene_only	gene_only
ENSG00000261183.5	True	visible	visible	visible
ENSG00000259953.1	False	gene_only	gene_only	gene_only
ENSG00000260630.6	False	gene_only	gene_only	gene_only
ENSG00000260528.4	False	gene_only	gene_only	gene_only
ENSG00000260793.2	False	gene_only	gene_only	gene_only
ENSG00000260898.5	True	visible	visible	visible
ENSG00000259925.1	False	gene_only	gene_only	gene_only
ENSG00000261553.5	False	gene_only	gene_only	gene_only
ENSG00000238045.9	True	visible	visible	visible
ENSG00000260658.5	False	none	gene_only	gene_only
ENSG00000260788.5	False	gene_only	gene_only	gene_only
ENSG00000260086.2	False	none	gene_only	gene_only
ENSG00000261664.5	False	none	gene_only	gene_only
ENSG00000261195.1	True	visible	visible	visible
ENSG00000260664.2	False	none	gene_only	gene_only
ENSG00000261840.2	False	gene_only	gene_only	gene_only
ENSG00000260083.1	False	gene_only	gene_only	gene_only
ENSG00000261804.1	True	visible	visible	visible
ENSG00000261118.1	False	gene_only	gene_only	gene_only
ENSG00000261407.1	False	gene_only	gene_only	gene_only
ENSG00000260923.6	True	visible	visible	visible
ENSG00000261604.1	False	gene_only	gene_only	gene_only
ENSG00000261520.5	False	none	gene_only	gene_only
ENSG00000261188.1	False	gene_only	gene_only	gene_only
ENSG00000261386.2	True	visible	visible	visible
ENSG00000260276.2	False	gene_only	none	none
ENSG00000261713.6	False	none	gene_only	gene_only
ENSG00000261040.6	True	visible	visible	visible
ENSG00000261505.1	False	gene_only	gene_only	gene_only
ENSG00000260853.1	False	gene_only	gene_only	gene_only
ENSG00000261105.5	False	gene_only	gene_only	gene_only
ENSG00000260372.6	False	gene_only	gene_only	gene_only
ENSG00000259868.2	False	none	gene_only	gene_only
ENSG00000260492.2	False	none	gene_only	gene_only
ENSG00000262223.6	True	visible	visible	visible
ENSG00000262580.5	False	gene_only	gene_only	gene_only
ENSG00000262879.5	False	gene_only	gene_only	gene_only
ENSG00000262061.5	False	gene_only	gene_only	gene_only
ENSG00000263072.6	True	visible	visible	visible
ENSG00000262454.2	False	gene_only	gene_only	gene_only
ENSG00000261971.6	True	visible	visible	visible
ENSG00000261978.1	False	gene_only	gene_only	gene_only
ENSG00000262370.5	True	visible	visible	visible
ENSG00000261879.5	False	gene_only	gene_only	gene_only
ENSG00000262877.4	False	gene_only	gene_only	gene_only
ENSG00000262468.5	False	gene_only	gene_only	gene_only
ENSG00000263146.2	False	none	gene_only	gene_only
ENSG00000262873.1	False	gene_only	gene_only	gene_only
ENSG00000262188.1	False	none	gene_only	gene_only
ENSG00000262001.1	False	gene_only	gene_only	gene_only
ENSG00000226137.5	False	gene_only	gene_only	gene_only
ENSG00000263069.5	False	none	gene_only	gene_only
ENSG00000262312.2	False	none	gene_only	gene_only
ENSG00000262097.1	False	gene_only	gene_only	gene_only
ENSG00000263004.1	False	none	gene_only	gene_only
ENSG00000262728.5	False	none	none	none
ENSG00000264112.1	True	visible	visible	visible
ENSG00000264920.1	True	visible	visible	visible
ENSG00000263753.6	True	visible	visible	visible
ENSG00000265096.1	False	gene_only	gene_only	gene_only
ENSG00000265142.8	False	none	gene_only	gene_only
ENSG00000232956.8	True	visible	visible	visible
ENSG00000264247.1	False	gene_only	gene_only	gene_only
ENSG00000266677.1	False	gene_only	gene_only	gene_only
ENSG00000264515.5	False	none	gene_only	gene_only
ENSG00000264956.1	False	none	gene_only	gene_only
ENSG00000264672.5	False	none	gene_only	gene_only
ENSG00000264968.1	False	none	gene_only	gene_only
ENSG00000215769.8	True	visible	visible	visible
ENSG00000263412.1	False	gene_only	gene_only	gene_only
ENSG00000266835.5	False	none	gene_only	gene_only
ENSG00000263958.1	False	none	gene_only	gene_only
ENSG00000270820.5	False	gene_only	gene_only	gene_only
ENSG00000263400.6	False	gene_only	gene_only	gene_only
ENSG00000264589.2	False	none	gene_only	gene_only
ENSG00000266010.1	True	visible	visible	visible
ENSG00000265055.1	False	none	gene_only	gene_only
ENSG00000263603.1	False	gene_only	gene_only	gene_only
ENSG00000265479.6	False	gene_only	gene_only	gene_only
ENSG00000263766.5	True	silent	visible	visible
ENSG00000264734.1	False	none	gene_only	gene_only
ENSG00000266402.3	False	gene_only	gene_only	gene_only
ENSG00000265542.5	False	none	gene_only	gene_only
ENSG00000265688.1	False	gene_only	gene_only	gene_only
ENSG00000266053.2	True	visible	visible	visible
ENSG00000264569.1	False	gene_only	gene_only	gene_only
ENSG00000279668.2	True	visible	visible	visible
ENSG00000267278.5	False	none	gene_only	gene_only
ENSG00000267364.1	False	gene_only	gene_only	gene_only
ENSG00000266916.5	True	visible	visible	visible
ENSG00000166770.10	False	gene_only	gene_only	gene_only
ENSG00000267080.5	False	gene_only	gene_only	gene_only
ENSG00000267121.5	False	gene_only	gene_only	gene_only
ENSG00000267659.5	True	silent	visible	visible
ENSG00000267383.6	False	none	gene_only	gene_only
ENSG00000267470.5	True	visible	visible	visible
ENSG00000267586.6	True	silent	visible	visible
ENSG00000267454.5	True	visible	visible	visible
ENSG00000267198.1	True	visible	visible	visible
ENSG00000267106.5	False	gene_only	gene_only	gene_only
ENSG00000267649.1	True	silent	visible	visible
ENSG00000267575.6	True	visible	visible	visible
ENSG00000232006.8	False	none	gene_only	gene_only
ENSG00000267248.1	False	gene_only	gene_only	gene_only
ENSG00000266903.1	True	visible	visible	visible
ENSG00000267302.5	True	visible	visible	visible
ENSG00000267737.1	False	none	gene_only	gene_only
ENSG00000267605.5	False	gene_only	gene_only	gene_only
ENSG00000267053.6	False	none	gene_only	gene_only
ENSG00000267750.5	False	gene_only	gene_only	gene_only
ENSG00000267270.5	False	none	gene_only	gene_only
ENSG00000267009.6	True	visible	visible	visible
ENSG00000267199.1	False	gene_only	gene_only	gene_only
ENSG00000266904.5	True	visible	silent	silent
ENSG00000267128.1	False	none	gene_only	gene_only
ENSG00000267280.5	False	gene_only	gene_only	gene_only
ENSG00000266993.3	False	gene_only	gene_only	gene_only
ENSG00000267665.1	False	gene_only	gene_only	gene_only
ENSG00000267265.5	False	none	gene_only	gene_only
ENSG00000266921.1	False	none	gene_only	gene_only
ENSG00000267279.1	True	visible	visible	visible
ENSG00000267058.1	False	gene_only	gene_only	gene_only
ENSG00000267254.5	True	visible	visible	visible
ENSG00000266970.1	False	gene_only	gene_only	gene_only
ENSG00000197291.8	False	none	gene_only	gene_only
ENSG00000225313.5	True	visible	visible	visible
ENSG00000267421.6	True	visible	visible	visible
ENSG00000267751.5	False	gene_only	gene_only	gene_only
ENSG00000267452.1	False	gene_only	gene_only	gene_only
ENSG00000267169.1	False	gene_only	gene_only	gene_only
ENSG00000267107.6	False	gene_only	gene_only	gene_only
ENSG00000283633.1	True	visible	visible	visible
ENSG00000267432.5	False	none	gene_only	gene_only
ENSG00000266947.1	False	gene_only	gene_only	gene_only
ENSG00000267072.2	True	silent	visible	visible
ENSG00000267251.2	False	none	gene_only	gene_only
ENSG00000204282.4	False	gene_only	gene_only	gene_only
ENSG00000267322.2	True	silent	visible	visible
ENSG00000267014.5	False	gene_only	gene_only	gene_only
ENSG00000186019.10	False	gene_only	gene_only	gene_only
ENSG00000267002.2	True	visible	visible	visible
ENSG00000267260.1	False	gene_only	gene_only	gene_only
ENSG00000267244.5	False	none	gene_only	gene_only
ENSG00000267757.4	False	gene_only	gene_only	gene_only
ENSG00000267040.6	True	visible	visible	visible
ENSG00000267321.2	False	gene_only	gene_only	gene_only
ENSG00000268061.5	False	gene_only	gene_only	gene_only
ENSG00000268895.5	True	visible	visible	visible
ENSG00000232098.3	False	gene_only	gene_only	gene_only
ENSG00000236778.7	True	visible	visible	visible
ENSG00000227195.10	False	gene_only	gene_only	gene_only
ENSG00000269386.5	False	gene_only	gene_only	gene_only
ENSG00000268388.5	False	gene_only	gene_only	gene_only
ENSG00000267858.5	False	gene_only	gene_only	gene_only
ENSG00000268119.5	True	visible	visible	visible
ENSG00000269352.1	False	gene_only	gene_only	gene_only
ENSG00000269834.5	False	gene_only	gene_only	gene_only
ENSG00000269793.5	False	gene_only	gene_only	gene_only
ENSG00000229692.3	False	gene_only	gene_only	gene_only
ENSG00000268093.1	True	visible	visible	visible
ENSG00000268362.5	False	gene_only	gene_only	gene_only
ENSG00000269235.1	False	gene_only	gene_only	gene_only
ENSG00000268751.1	False	none	gene_only	gene_only
ENSG00000269439.5	True	visible	visible	visible
ENSG00000268027.5	False	gene_only	gene_only	gene_only
ENSG00000268401.1	True	visible	visible	visible
ENSG00000268006.1	False	gene_only	gene_only	gene_only
ENSG00000268654.1	False	none	gene_only	gene_only
ENSG00000268189.2	False	gene_only	gene_only	gene_only
ENSG00000267871.5	False	gene_only	gene_only	gene_only
ENSG00000268230.5	False	gene_only	gene_only	gene_only
ENSG00000268355.1	True	visible	visible	visible
ENSG00000269293.2	False	gene_only	gene_only	gene_only
ENSG00000269985.1	False	gene_only	gene_only	gene_only
ENSG00000270111.2	True	silent	visible	visible
ENSG00000270112.3	True	visible	visible	visible
ENSG00000270091.1	False	gene_only	gene_only	gene_only
ENSG00000269893.6	True	visible	visible	visible
ENSG00000270069.1	False	gene_only	gene_only	gene_only
ENSG00000270049.2	True	visible	visible	visible
ENSG00000271133.5	False	gene_only	gene_only	gene_only
ENSG00000271335.5	True	visible	visible	visible
ENSG00000270332.1	True	visible	visible	visible
ENSG00000271334.5	False	none	gene_only	gene_only
ENSG00000271109.1	False	gene_only	gene_only	gene_only
ENSG00000271270.5	True	visible	visible	visible
ENSG00000271538.5	False	gene_only	gene_only	gene_only
ENSG00000270547.5	False	none	gene_only	gene_only
ENSG00000272146.5	False	gene_only	gene_only	gene_only
ENSG00000271858.5	False	gene_only	gene_only	gene_only
ENSG00000271826.5	False	none	gene_only	gene_only
ENSG00000271913.5	True	visible	visible	visible
ENSG00000272288.5	True	visible	visible	visible
ENSG00000272097.1	False	none	gene_only	gene_only
ENSG00000272070.1	False	gene_only	gene_only	gene_only
ENSG00000271848.1	False	none	gene_only	gene_only
ENSG00000272142.1	False	gene_only	gene_only	gene_only
ENSG00000272138.1	True	visible	visible	visible
ENSG00000273297.1	True	visible	visible	visible
ENSG00000273143.1	True	visible	visible	visible
ENSG00000273061.1	False	gene_only	gene_only	gene_only
ENSG00000272758.5	False	gene_only	gene_only	gene_only
ENSG00000272690.5	False	gene_only	gene_only	gene_only
ENSG00000273247.5	False	gene_only	gene_only	gene_only
ENSG00000272599.2	False	none	gene_only	gene_only
ENSG00000273492.5	False	gene_only	gene_only	gene_only
ENSG00000273356.1	False	none	gene_only	gene_only
ENSG00000272702.1	True	visible	visible	visible
ENSG00000272870.1	False	gene_only	gene_only	gene_only
ENSG00000272894.5	False	gene_only	gene_only	gene_only
ENSG00000272568.5	False	none	gene_only	gene_only
ENSG00000272693.3	False	gene_only	gene_only	gene_only
ENSG00000272677.1	False	gene_only	gene_only	gene_only
ENSG00000231728.3	False	gene_only	gene_only	gene_only
ENSG00000275294.4	True	silent	visible	visible
ENSG00000278133.1	True	visible	visible	visible
ENSG00000274265.4	True	visible	visible	visible
ENSG00000273674.4	False	gene_only	gene_only	gene_only
ENSG00000278464.1	False	gene_only	gene_only	gene_only
ENSG00000276075.1	False	gene_only	gene_only	gene_only
ENSG00000276170.4	True	visible	visible	visible
ENSG00000226067.6	False	gene_only	gene_only	gene_only
ENSG00000278611.1	True	visible	visible	visible
ENSG00000275830.1	False	none	gene_only	gene_only
ENSG00000278768.1	False	gene_only	gene_only	gene_only
ENSG00000203804.4	False	gene_only	gene_only	gene_only
ENSG00000277199.1	False	none	gene_only	gene_only
ENSG00000276649.1	False	none	gene_only	gene_only
ENSG00000278390.4	False	none	gene_only	gene_only
ENSG00000278156.1	False	gene_only	gene_only	gene_only
ENSG00000278175.3	True	visible	visible	visible
ENSG00000274253.4	True	visible	visible	visible
ENSG00000274333.4	False	none	gene_only	gene_only
ENSG00000275496.4	False	none	gene_only	gene_only
ENSG00000279082.3	False	gene_only	gene_only	gene_only
ENSG00000278932.3	True	silent	visible	visible
ENSG00000280145.3	True	visible	visible	visible
ENSG00000280018.3	False	gene_only	gene_only	gene_only
ENSG00000280081.3	False	none	gene_only	gene_only
ENSG00000279762.3	False	gene_only	gene_only	gene_only
ENSG00000278903.3	False	none	gene_only	gene_only
ENSG00000279168.2	False	gene_only	gene_only	gene_only
ENSG00000279094.3	False	gene_only	gene_only	gene_only
ENSG00000279750.3	False	none	gene_only	gene_only
ENSG00000281649.1	False	gene_only	gene_only	gene_only
ENSG00000280734.2	False	gene_only	gene_only	gene_only
ENSG00000280739.2	False	gene_only	none	none
ENSG00000280721.1	False	gene_only	gene_only	gene_only
ENSG00000281657.2	False	none	gene_only	gene_only
ENSG00000281162.2	False	none	gene_only	gene_only
ENSG00000281357.2	False	none	gene_only	gene_only
ENSG00000280832.1	False	gene_only	gene_only	gene_only
ENSG00000280623.1	False	gene_only	gene_only	gene_only
ENSG00000280870.2	False	none	gene_only	gene_only
ENSG00000281392.1	True	visible	visible	visible
ENSG00000281103.1	True	visible	visible	visible
ENSG00000282508.1	False	gene_only	gene_only	gene_only
ENSG00000282024.1	True	visible	visible	visible
ENSG00000282851.1	False	gene_only	gene_only	gene_only
ENSG00000282917.1	False	none	gene_only	gene_only
ENSG00000283108.1	False	gene_only	gene_only	gene_only
ENSG00000282885.1	False	none	gene_only	gene_only
ENSG00000282943.1	False	gene_only	gene_only	gene_only
ENSG00000228526.6	False	gene_only	gene_only	gene_only
ENSG00000283128.1	True	visible	visible	visible
ENSG00000283674.1	False	gene_only	gene_only	gene_only
ENSG00000283458.1	False	none	gene_only	gene_only
ENSG00000283196.1	True	visible	visible	visible
ENSG00000203809.6	False	none	gene_only	gene_only
ENSG00000283352.1	False	none	gene_only	gene_only
ENSG00000283462.1	False	none	gene_only	gene_only
ENSG00000283213.1	True	silent	visible	visible
ENSG00000283380.1	False	none	gene_only	gene_only
ENSG00000283503.1	False	none	gene_only	gene_only
ENSG00000284052.1	False	gene_only	gene_only	gene_only
ENSG00000284428.1	True	visible	visible	visible
ENSG00000284196.1	True	visible	visible	visible
ENSG00000284543.1	False	gene_only	gene_only	gene_only
ENSG00000283886.1	False	gene_only	gene_only	gene_only
ENSG00000283897.1	True	silent	visible	visible
